Date,Daily status,Daily reason,Daily valid points,Daily station rain mm,Daily MeteoSwiss rain mm,Daily correlation,Daily bias
2023-12-18,PASS,dry day totals close: diff 0.000 <= 0.2,278,0.0,0.0,,
2023-12-19,PASS,dry day totals close: diff 0.000 <= 0.2,480,0.0,0.0,,
2023-12-20,FAIL,corr 0.209 < 0.4; bias -0.976 outside +/-0.3 and total diff 4.000 > 0.5,480,0.1,4.1,0.2091,-0.9756
2023-12-21,PASS,dry day totals close: diff 0.190 <= 0.2,480,0.01,0.2,,
2023-12-22,FAIL,corr 0.123 < 0.4; bias -0.984 outside +/-0.3 and total diff 1.870 > 0.5,480,0.03,1.9,0.1231,-0.9842
2023-12-23,PASS,dry day totals close: diff 0.000 <= 0.2,480,0.0,0.0,,
2023-12-24,PASS,dry day totals close: diff 0.000 <= 0.2,480,0.0,0.0,,
2023-12-25,PASS,dry day totals close: diff 0.000 <= 0.2,480,0.0,0.0,,
2023-12-26,PASS,dry day totals close: diff 0.000 <= 0.2,480,0.0,0.0,,
2023-12-27,PASS,dry day totals close: diff 0.000 <= 0.2,480,0.0,0.0,,
2023-12-28,PASS,dry day totals close: diff 0.000 <= 0.2,480,0.0,0.0,,
2023-12-29,FAIL,corr N/A < 0.4; bias -1.000 outside +/-0.3 and total diff 3.400 > 0.5,480,0.0,3.4,,-1.0
2023-12-30,PASS,dry day totals close: diff 0.000 <= 0.2,480,0.0,0.0,,
2023-12-31,FAIL,corr 0.081 < 0.4; bias -0.983 outside +/-0.3 and total diff 15.230 > 0.5,480,0.27,15.5,0.081,-0.9826
2024-01-01,PASS,dry day totals close: diff 0.100 <= 0.2,480,0.0,0.1,,
2024-01-02,FAIL,corr 0.026 < 0.4; bias -0.997 outside +/-0.3 and total diff 17.850 > 0.5,480,0.05,17.9,0.0257,-0.9972
2024-01-03,FAIL,bias -0.933 outside +/-0.3 and total diff 5.320 > 0.5,480,0.38,5.7,0.6785,-0.9333
2024-01-04,FAIL,corr 0.114 < 0.4; bias -0.987 outside +/-0.3 and total diff 0.790 > 0.5,480,0.01,0.8,0.1137,-0.9875
2024-01-05,FAIL,corr N/A < 0.4; bias -1.000 outside +/-0.3 and total diff 7.330 > 0.5,480,0.0,7.33,,-1.0
2024-01-06,FAIL,corr N/A < 0.4; bias -1.000 outside +/-0.3 and total diff 1.070 > 0.5,480,0.0,1.07,,-1.0
2024-01-07,FAIL,corr 0.062 < 0.4; bias -0.991 outside +/-0.3 and total diff 2.180 > 0.5,480,0.02,2.2,0.0617,-0.9909
2024-01-08,FAIL,corr N/A < 0.4; bias -1.000 outside +/-0.3 and total diff 0.700 > 0.5,480,0.0,0.7,,-1.0
2024-01-09,FAIL,corr -0.021 < 0.4; bias -0.997 outside +/-0.3 and total diff 3.790 > 0.5,480,0.01,3.8,-0.0215,-0.9974
2024-01-10,FAIL,dry day totals differ: diff 0.290 > 0.2,480,0.29,0.0,,
2024-01-11,PASS,dry day totals close: diff 0.010 <= 0.2,480,0.01,0.0,,
2024-01-12,PASS,dry day totals close: diff 0.000 <= 0.2,480,0.0,0.0,,
2024-01-13,PASS,dry day totals close: diff 0.000 <= 0.2,480,0.0,0.0,,
2024-01-14,PASS,dry day totals close: diff 0.100 <= 0.2,480,0.0,0.1,,
2024-01-15,PASS,dry day totals close: diff 0.000 <= 0.2,480,0.0,0.0,,
2024-01-16,FAIL,dry day totals differ: diff 0.400 > 0.2,480,0.0,0.4,,
2024-01-17,FAIL,corr N/A < 0.4; bias -1.000 outside +/-0.3 and total diff 34.460 > 0.5,480,0.0,34.46,,-1.0
2024-01-18,FAIL,corr -0.028 < 0.4; bias -0.999 outside +/-0.3 and total diff 25.810 > 0.5,480,0.03,25.84,-0.0278,-0.9988
2024-01-19,PASS,dry day totals close: diff 0.100 <= 0.2,480,0.0,0.1,,
2024-01-20,PASS,dry day totals close: diff 0.010 <= 0.2,480,0.01,0.0,,
2024-01-21,PASS,dry day totals close: diff 0.000 <= 0.2,480,0.0,0.0,,
2024-01-22,FAIL,corr 0.124 < 0.4; bias -0.999 outside +/-0.3 and total diff 14.220 > 0.5,480,0.01,14.23,0.1239,-0.9993
2024-01-23,FAIL,corr N/A < 0.4; bias -1.000 outside +/-0.3 and total diff 0.970 > 0.5,480,0.0,0.97,,-1.0
2024-01-24,PASS,dry day totals close: diff 0.000 <= 0.2,480,0.0,0.0,,
2024-01-25,PASS,dry day totals close: diff 0.100 <= 0.2,480,0.0,0.1,,
2024-01-26,FAIL,dry day totals differ: diff 0.300 > 0.2,480,0.0,0.3,,
2024-01-27,PASS,dry day totals close: diff 0.000 <= 0.2,480,0.0,0.0,,
2024-01-28,PASS,dry day totals close: diff 0.000 <= 0.2,480,0.0,0.0,,
2024-01-29,PASS,dry day totals close: diff 0.000 <= 0.2,480,0.0,0.0,,
2024-01-30,PASS,dry day totals close: diff 0.000 <= 0.2,480,0.0,0.0,,
2024-01-31,PASS,dry day totals close: diff 0.000 <= 0.2,480,0.0,0.0,,
2024-02-01,FAIL,dry day totals differ: diff 0.400 > 0.2,480,0.0,0.4,,
2024-02-02,PASS,dry day totals close: diff 0.000 <= 0.2,480,0.0,0.0,,
2024-02-03,PASS,dry day totals close: diff 0.000 <= 0.2,480,0.0,0.0,,
2024-02-04,PASS,dry day totals close: diff 0.000 <= 0.2,480,0.0,0.0,,
2024-02-05,PASS,dry day totals close: diff 0.000 <= 0.2,480,0.0,0.0,,
2024-02-06,PASS,dry day totals close: diff 0.000 <= 0.2,480,0.0,0.0,,
2024-02-07,FAIL,corr N/A < 0.4; bias -1.000 outside +/-0.3 and total diff 5.000 > 0.5,480,0.0,5.0,,-1.0
2024-02-08,FAIL,corr N/A < 0.4; bias -1.000 outside +/-0.3 and total diff 3.500 > 0.5,480,0.0,3.5,,-1.0
2024-02-09,FAIL,corr N/A < 0.4; bias -1.000 outside +/-0.3 and total diff 2.500 > 0.5,480,0.0,2.5,,-1.0
2024-02-10,FAIL,corr 0.131 < 0.4; bias -0.964 outside +/-0.3 and total diff 2.410 > 0.5,480,0.09,2.5,0.1307,-0.964
2024-02-11,FAIL,corr N/A < 0.4; bias -1.000 outside +/-0.3 and total diff 2.000 > 0.5,480,0.0,2.0,,-1.0
2024-02-12,PASS,dry day totals close: diff 0.000 <= 0.2,480,0.0,0.0,,
2024-02-13,PASS,dry day totals close: diff 0.000 <= 0.2,480,0.0,0.0,,
2024-02-14,PASS,dry day totals close: diff 0.000 <= 0.2,480,0.0,0.0,,
2024-02-15,PASS,dry day totals close: diff 0.000 <= 0.2,480,0.0,0.0,,
2024-02-16,PASS,dry day totals close: diff 0.000 <= 0.2,480,0.0,0.0,,
2024-02-17,PASS,dry day totals close: diff 0.000 <= 0.2,480,0.0,0.0,,
2024-02-18,FAIL,corr N/A < 0.4; bias -1.000 outside +/-0.3 and total diff 3.500 > 0.5,480,0.0,3.5,,-1.0
2024-02-19,FAIL,corr N/A < 0.4; bias -1.000 outside +/-0.3 and total diff 2.100 > 0.5,480,0.0,2.1,,-1.0
2024-02-20,FAIL,dry day totals differ: diff 0.400 > 0.2,480,0.0,0.4,,
2024-02-21,PASS,dry day totals close: diff 0.000 <= 0.2,480,0.0,0.0,,
2024-02-22,FAIL,bias -0.977 outside +/-0.3 and total diff 22.760 > 0.5,480,0.54,23.3,0.5464,-0.9768
2024-02-23,FAIL,dry day totals differ: diff 0.300 > 0.2,480,0.0,0.3,,
2024-02-24,PASS,dry day totals close: diff 0.200 <= 0.2,480,0.0,0.2,,
2024-02-25,FAIL,corr N/A < 0.4; bias -1.000 outside +/-0.3 and total diff 0.860 > 0.5,480,0.0,0.86,,-1.0
2024-02-26,FAIL,corr N/A < 0.4; bias -1.000 outside +/-0.3 and total diff 7.440 > 0.5,480,0.0,7.44,,-1.0
2024-02-27,PASS,dry day totals close: diff 0.000 <= 0.2,480,0.0,0.0,,
2024-02-28,PASS,dry day totals close: diff 0.000 <= 0.2,480,0.0,0.0,,
2024-02-29,PASS,dry day totals close: diff 0.000 <= 0.2,480,0.0,0.0,,
2024-03-01,FAIL,corr 0.299 < 0.4,480,0.02,0.5,0.2992,-0.96
2024-03-02,PASS,dry day totals close: diff 0.000 <= 0.2,480,0.0,0.0,,
2024-03-03,PASS,dry day totals close: diff 0.000 <= 0.2,480,0.0,0.0,,
2024-03-04,PASS,dry day totals close: diff 0.000 <= 0.2,480,0.0,0.0,,
2024-03-05,PASS,dry day totals close: diff 0.100 <= 0.2,480,0.0,0.1,,
2024-03-06,PASS,dry day totals close: diff 0.100 <= 0.2,480,0.0,0.1,,
2024-03-07,PASS,dry day totals close: diff 0.000 <= 0.2,480,0.0,0.0,,
2024-03-08,PASS,dry day totals close: diff 0.000 <= 0.2,480,0.0,0.0,,
2024-03-09,PASS,dry day totals close: diff 0.000 <= 0.2,480,0.0,0.0,,
2024-03-10,FAIL,corr N/A < 0.4; bias -1.000 outside +/-0.3 and total diff 3.000 > 0.5,480,0.0,3.0,,-1.0
2024-03-11,PASS,dry day totals close: diff 0.000 <= 0.2,480,0.0,0.0,,
2024-03-12,FAIL,corr N/A < 0.4; bias -1.000 outside +/-0.3 and total diff 2.800 > 0.5,480,0.0,2.8,,-1.0
2024-03-13,PASS,dry day totals close: diff 0.000 <= 0.2,480,0.0,0.0,,
2024-03-14,PASS,dry day totals close: diff 0.000 <= 0.2,480,0.0,0.0,,
2024-03-15,FAIL,corr N/A < 0.4; bias -1.000 outside +/-0.3 and total diff 2.800 > 0.5,480,0.0,2.8,,-1.0
2024-03-16,FAIL,corr N/A < 0.4; bias -1.000 outside +/-0.3 and total diff 10.300 > 0.5,480,0.0,10.3,,-1.0
2024-03-17,FAIL,dry day totals differ: diff 0.270 > 0.2,480,0.03,0.3,,
2024-03-18,FAIL,corr N/A < 0.4; bias -1.000 outside +/-0.3 and total diff 16.200 > 0.5,480,0.0,16.2,,-1.0
2024-03-19,PASS,dry day totals close: diff 0.000 <= 0.2,480,0.0,0.0,,
2024-03-20,PASS,dry day totals close: diff 0.000 <= 0.2,480,0.0,0.0,,
2024-03-21,FAIL,corr N/A < 0.4; bias -1.000 outside +/-0.3 and total diff 0.600 > 0.5,480,0.0,0.6,,-1.0
2024-03-22,PASS,dry day totals close: diff 0.000 <= 0.2,480,0.0,0.0,,
2024-03-23,FAIL,corr N/A < 0.4; bias -1.000 outside +/-0.3 and total diff 1.300 > 0.5,480,0.0,1.3,,-1.0
2024-03-24,FAIL,corr N/A < 0.4; bias -1.000 outside +/-0.3 and total diff 1.600 > 0.5,480,0.0,1.6,,-1.0
2024-03-25,PASS,dry day totals close: diff 0.000 <= 0.2,480,0.0,0.0,,
2024-03-26,PASS,dry day totals close: diff 0.000 <= 0.2,480,0.0,0.0,,
2024-03-27,FAIL,corr 0.169 < 0.4; bias -0.996 outside +/-0.3 and total diff 11.650 > 0.5,480,0.05,11.7,0.1687,-0.9957
2024-03-28,FAIL,corr N/A < 0.4; bias -1.000 outside +/-0.3 and total diff 4.500 > 0.5,480,0.0,4.5,,-1.0
2024-03-29,PASS,dry day totals close: diff 0.000 <= 0.2,480,0.0,0.0,,
2024-03-30,PASS,dry day totals close: diff 0.000 <= 0.2,480,0.0,0.0,,
2024-03-31,FAIL,corr N/A < 0.4; bias -1.000 outside +/-0.3 and total diff 0.990 > 0.5,480,0.0,0.99,,-1.0
2024-04-01,FAIL,corr -0.010 < 0.4; bias -0.996 outside +/-0.3 and total diff 13.460 > 0.5,480,0.05,13.51,-0.0102,-0.9963
2024-04-02,PASS,dry day totals close: diff 0.100 <= 0.2,480,0.0,0.1,,
2024-04-03,FAIL,corr 0.179 < 0.4; bias -0.976 outside +/-0.3 and total diff 5.230 > 0.5,480,0.13,5.36,0.1791,-0.9757
2024-04-04,FAIL,dry day totals differ: diff 0.440 > 0.2,480,0.0,0.44,,
2024-04-05,PASS,dry day totals close: diff 0.000 <= 0.2,480,0.0,0.0,,
2024-04-06,PASS,dry day totals close: diff 0.000 <= 0.2,480,0.0,0.0,,
2024-04-07,PASS,dry day totals close: diff 0.000 <= 0.2,480,0.0,0.0,,
2024-04-08,PASS,dry day totals close: diff 0.000 <= 0.2,480,0.0,0.0,,
2024-04-09,FAIL,corr 0.054 < 0.4; bias -0.994 outside +/-0.3 and total diff 8.550 > 0.5,480,0.05,8.6,0.0539,-0.9942
2024-04-10,PASS,dry day totals close: diff 0.000 <= 0.2,480,0.0,0.0,,
2024-04-11,PASS,dry day totals close: diff 0.000 <= 0.2,480,0.0,0.0,,
2024-04-12,PASS,dry day totals close: diff 0.000 <= 0.2,480,0.0,0.0,,
2024-04-13,PASS,dry day totals close: diff 0.000 <= 0.2,480,0.0,0.0,,
2024-04-14,PASS,dry day totals close: diff 0.000 <= 0.2,480,0.0,0.0,,
2024-04-15,PASS,dry day totals close: diff 0.120 <= 0.2,480,0.18,0.3,,
2024-04-16,FAIL,corr 0.236 < 0.4; bias -0.974 outside +/-0.3 and total diff 8.460 > 0.5,480,0.23,8.69,0.2363,-0.9735
2024-04-17,FAIL,corr -0.017 < 0.4; bias -0.988 outside +/-0.3 and total diff 5.050 > 0.5,480,0.06,5.11,-0.0175,-0.9883
2024-04-18,FAIL,corr 0.111 < 0.4; bias -0.976 outside +/-0.3 and total diff 2.830 > 0.5,480,0.07,2.9,0.1109,-0.9759
2024-04-19,FAIL,bias -0.400 outside +/-0.3 and total diff 1.520 > 0.5,480,2.28,3.8,0.8429,-0.4
2024-04-20,FAIL,corr -0.011 < 0.4; bias -0.688 outside +/-0.3 and total diff 0.550 > 0.5,480,0.25,0.8,-0.0111,-0.6875
2024-04-21,FAIL,corr -0.007 < 0.4; bias -0.993 outside +/-0.3 and total diff 1.490 > 0.5,480,0.01,1.5,-0.007,-0.9933
2024-04-22,PASS,dry day totals close: diff 0.200 <= 0.2,480,0.0,0.2,,
2024-04-23,PASS,dry day totals close: diff 0.000 <= 0.2,480,0.0,0.0,,
2024-04-24,FAIL,corr N/A < 0.4; bias -1.000 outside +/-0.3 and total diff 1.600 > 0.5,480,0.0,1.6,,-1.0
2024-04-25,PASS,dry day totals close: diff 0.010 <= 0.2,480,0.01,0.0,,
2024-04-26,PASS,dry day totals close: diff 0.000 <= 0.2,480,0.0,0.0,,
2024-04-27,PASS,dry day totals close: diff 0.010 <= 0.2,480,0.01,0.0,,
2024-04-28,FAIL,corr N/A < 0.4; bias -1.000 outside +/-0.3 and total diff 6.500 > 0.5,480,0.0,6.5,,-1.0
2024-04-29,PASS,dry day totals close: diff 0.000 <= 0.2,480,0.0,0.0,,
2024-04-30,PASS,dry day totals close: diff 0.000 <= 0.2,480,0.0,0.0,,
2024-05-01,PASS,dry day totals close: diff 0.000 <= 0.2,480,0.0,0.0,,
2024-05-02,FAIL,corr -0.004 < 0.4; bias -0.999 outside +/-0.3 and total diff 16.720 > 0.5,480,0.01,16.73,-0.0041,-0.9994
2024-05-03,FAIL,corr N/A < 0.4; bias -1.000 outside +/-0.3 and total diff 0.570 > 0.5,480,0.0,0.57,,-1.0
2024-05-04,PASS,dry day totals close: diff 0.100 <= 0.2,480,0.0,0.1,,
2024-05-05,FAIL,corr -0.020 < 0.4; bias -0.997 outside +/-0.3 and total diff 3.750 > 0.5,480,0.01,3.76,-0.0197,-0.9973
2024-05-06,FAIL,corr N/A < 0.4; bias -1.000 outside +/-0.3 and total diff 22.150 > 0.5,480,0.0,22.15,,-1.0
2024-05-07,FAIL,corr -0.042 < 0.4; bias -0.998 outside +/-0.3 and total diff 9.270 > 0.5,480,0.02,9.29,-0.0423,-0.9978
2024-05-08,PASS,dry day totals close: diff 0.010 <= 0.2,480,0.01,0.0,,
2024-05-09,PASS,dry day totals close: diff 0.010 <= 0.2,480,0.01,0.0,,
2024-05-10,PASS,dry day totals close: diff 0.000 <= 0.2,480,0.0,0.0,,
2024-05-11,PASS,dry day totals close: diff 0.000 <= 0.2,480,0.0,0.0,,
2024-05-12,PASS,dry day totals close: diff 0.000 <= 0.2,480,0.0,0.0,,
2024-05-13,FAIL,dry day totals differ: diff 0.400 > 0.2,480,0.0,0.4,,
2024-05-14,FAIL,corr N/A < 0.4; bias -1.000 outside +/-0.3 and total diff 4.900 > 0.5,480,0.0,4.9,,-1.0
2024-05-15,FAIL,corr 0.316 < 0.4; bias -0.994 outside +/-0.3 and total diff 7.950 > 0.5,480,0.05,8.0,0.316,-0.9938
2024-05-16,FAIL,corr 0.011 < 0.4; bias -0.999 outside +/-0.3 and total diff 9.190 > 0.5,480,0.01,9.2,0.0109,-0.9989
2024-05-17,PASS,dry day totals close: diff 0.000 <= 0.2,480,0.0,0.0,,
2024-05-18,FAIL,corr -0.005 < 0.4; bias -0.986 outside +/-0.3 and total diff 0.690 > 0.5,480,0.01,0.7,-0.0047,-0.9857
2024-05-19,FAIL,dry day totals differ: diff 0.280 > 0.2,480,0.02,0.3,,
2024-05-20,FAIL,corr N/A < 0.4; bias -1.000 outside +/-0.3 and total diff 1.100 > 0.5,480,0.0,1.1,,-1.0
2024-05-21,PASS,dry day totals close: diff 0.170 <= 0.2,480,0.03,0.2,,
2024-05-22,FAIL,corr N/A < 0.4; bias -1.000 outside +/-0.3 and total diff 8.800 > 0.5,480,0.0,8.8,,-1.0
2024-05-23,FAIL,corr N/A < 0.4; bias -1.000 outside +/-0.3 and total diff 0.600 > 0.5,480,0.0,0.6,,-1.0
2024-05-24,FAIL,corr 0.068 < 0.4; bias -0.995 outside +/-0.3 and total diff 3.880 > 0.5,480,0.02,3.9,0.0685,-0.9949
2024-05-25,PASS,dry day totals close: diff 0.000 <= 0.2,480,0.0,0.0,,
2024-05-26,FAIL,corr -0.015 < 0.4; bias -0.985 outside +/-0.3 and total diff 1.280 > 0.5,480,0.02,1.3,-0.0154,-0.9846
2024-05-27,FAIL,corr 0.303 < 0.4; bias -0.990 outside +/-0.3 and total diff 35.340 > 0.5,480,0.36,35.7,0.3031,-0.9899
2024-05-28,PASS,dry day totals close: diff 0.000 <= 0.2,480,0.0,0.0,,
2024-05-29,FAIL,corr 0.243 < 0.4; bias -0.850 outside +/-0.3 and total diff 2.150 > 0.5,480,0.38,2.53,0.2425,-0.8498
2024-05-30,FAIL,corr 0.006 < 0.4; bias -0.999 outside +/-0.3 and total diff 10.860 > 0.5,480,0.01,10.87,0.0062,-0.9991
2024-05-31,FAIL,corr 0.267 < 0.4; bias -0.890 outside +/-0.3 and total diff 2.670 > 0.5,480,0.33,3.0,0.2668,-0.89
2024-06-01,PASS,dry day totals close: diff 0.000 <= 0.2,480,0.0,0.0,,
2024-06-02,FAIL,corr 0.182 < 0.4; bias -0.990 outside +/-0.3 and total diff 5.150 > 0.5,480,0.05,5.2,0.1816,-0.9904
2024-06-03,FAIL,dry day totals differ: diff 0.300 > 0.2,480,0.0,0.3,,
2024-06-04,PASS,dry day totals close: diff 0.000 <= 0.2,480,0.0,0.0,,
2024-06-05,PASS,dry day totals close: diff 0.000 <= 0.2,480,0.0,0.0,,
2024-06-06,FAIL,corr 0.337 < 0.4; bias -0.606 outside +/-0.3 and total diff 3.090 > 0.5,480,2.01,5.1,0.3374,-0.6059
2024-06-07,FAIL,bias -0.978 outside +/-0.3 and total diff 9.190 > 0.5,480,0.21,9.4,0.4777,-0.9777
2024-06-08,FAIL,dry day totals differ: diff 0.400 > 0.2,480,0.0,0.4,,
2024-06-09,FAIL,bias -0.949 outside +/-0.3 and total diff 29.830 > 0.5,480,1.59,31.42,0.8116,-0.9494
2024-06-10,FAIL,corr N/A < 0.4; bias -1.000 outside +/-0.3 and total diff 8.180 > 0.5,480,0.0,8.18,,-1.0
2024-06-11,FAIL,corr 0.271 < 0.4; bias -0.969 outside +/-0.3 and total diff 1.260 > 0.5,480,0.04,1.3,0.2707,-0.9692
2024-06-12,PASS,dry day totals close: diff 0.000 <= 0.2,480,0.0,0.0,,
2024-06-13,PASS,dry day totals close: diff 0.000 <= 0.2,480,0.0,0.0,,
2024-06-14,FAIL,bias -0.905 outside +/-0.3 and total diff 1.800 > 0.5,480,0.19,1.99,0.4483,-0.9045
2024-06-15,FAIL,bias -0.854 outside +/-0.3 and total diff 24.090 > 0.5,480,4.12,28.21,0.7241,-0.854
2024-06-16,PASS,dry day totals close: diff 0.010 <= 0.2,480,0.01,0.0,,
2024-06-17,PASS,dry day totals close: diff 0.010 <= 0.2,480,0.01,0.0,,
2024-06-18,PASS,dry day totals close: diff 0.010 <= 0.2,480,0.01,0.0,,
2024-06-19,PASS,dry day totals close: diff 0.000 <= 0.2,480,0.0,0.0,,
2024-06-20,FAIL,bias -0.817 outside +/-0.3 and total diff 0.980 > 0.5,480,0.22,1.2,0.5854,-0.8167
2024-06-21,FAIL,bias -0.857 outside +/-0.3 and total diff 9.170 > 0.5,480,1.53,10.7,0.7051,-0.857
2024-06-22,FAIL,bias -0.862 outside +/-0.3 and total diff 15.600 > 0.5,480,2.5,18.1,0.5497,-0.8619
2024-06-23,PASS,dry day totals close: diff 0.000 <= 0.2,480,0.0,0.0,,
2024-06-24,PASS,dry day totals close: diff 0.000 <= 0.2,480,0.0,0.0,,
2024-06-25,FAIL,corr 0.066 < 0.4; bias -0.889 outside +/-0.3 and total diff 0.800 > 0.5,480,0.1,0.9,0.0662,-0.8889
2024-06-26,FAIL,bias -0.927 outside +/-0.3 and total diff 4.080 > 0.5,480,0.32,4.4,0.6398,-0.9273
2024-06-27,PASS,dry day totals close: diff 0.000 <= 0.2,480,0.0,0.0,,
2024-06-28,PASS,dry day totals close: diff 0.000 <= 0.2,480,0.0,0.0,,
2024-06-29,FAIL,bias -0.961 outside +/-0.3 and total diff 13.840 > 0.5,480,0.56,14.4,0.8636,-0.9611
2024-06-30,FAIL,dry day totals differ: diff 0.290 > 0.2,480,0.01,0.3,,
2024-07-01,FAIL,bias -0.898 outside +/-0.3 and total diff 3.680 > 0.5,480,0.42,4.1,0.5165,-0.8976
2024-07-02,PASS,dry day totals close: diff 0.000 <= 0.2,480,0.0,0.0,,
2024-07-03,FAIL,corr 0.125 < 0.4; bias -0.943 outside +/-0.3 and total diff 1.320 > 0.5,480,0.08,1.4,0.1254,-0.9429
2024-07-04,PASS,dry day totals close: diff 0.000 <= 0.2,480,0.0,0.0,,
2024-07-05,PASS,dry day totals close: diff 0.010 <= 0.2,480,0.01,0.0,,
2024-07-06,FAIL,bias -0.740 outside +/-0.3 and total diff 13.390 > 0.5,480,4.71,18.1,0.4461,-0.7398
2024-07-07,FAIL,bias -0.776 outside +/-0.3 and total diff 1.320 > 0.5,480,0.38,1.7,0.6326,-0.7765
2024-07-08,PASS,dry day totals close: diff 0.000 <= 0.2,480,0.0,0.0,,
2024-07-09,PASS,dry day totals close: diff 0.010 <= 0.2,480,0.01,0.0,,
2024-07-10,FAIL,corr -0.010 < 0.4; bias -0.980 outside +/-0.3 and total diff 0.980 > 0.5,480,0.02,1.0,-0.01,-0.98
2024-07-11,FAIL,bias -0.845 outside +/-0.3 and total diff 2.450 > 0.5,480,0.45,2.9,0.7099,-0.8448
2024-07-12,FAIL,bias -0.655 outside +/-0.3 and total diff 11.660 > 0.5,480,6.14,17.8,0.4148,-0.6551
2024-07-13,PASS,dry day totals close: diff 0.010 <= 0.2,480,0.01,0.0,,
2024-07-14,PASS,dry day totals close: diff 0.000 <= 0.2,480,0.0,0.0,,
2024-07-15,FAIL,bias -0.792 outside +/-0.3 and total diff 7.940 > 0.5,480,2.09,10.03,0.4783,-0.7916
2024-07-16,FAIL,bias -0.754 outside +/-0.3 and total diff 2.690 > 0.5,480,0.88,3.57,0.7377,-0.7535
2024-07-17,PASS,dry day totals close: diff 0.000 <= 0.2,480,0.0,0.0,,
2024-07-18,PASS,dry day totals close: diff 0.000 <= 0.2,480,0.0,0.0,,
2024-07-19,PASS,dry day totals close: diff 0.000 <= 0.2,480,0.0,0.0,,
2024-07-20,PASS,OK,480,0.02,0.5,0.4418,-0.96
2024-07-21,FAIL,bias -0.810 outside +/-0.3 and total diff 5.670 > 0.5,480,1.33,7.0,0.6033,-0.81
2024-07-22,FAIL,corr 0.007 < 0.4; bias -0.998 outside +/-0.3 and total diff 12.580 > 0.5,480,0.02,12.6,0.0074,-0.9984
2024-07-23,PASS,dry day totals close: diff 0.000 <= 0.2,480,0.0,0.0,,
2024-07-24,PASS,dry day totals close: diff 0.000 <= 0.2,480,0.0,0.0,,
2024-07-25,PASS,dry day totals close: diff 0.000 <= 0.2,480,0.0,0.0,,
2024-07-26,PASS,dry day totals close: diff 0.000 <= 0.2,480,0.0,0.0,,
2024-07-27,PASS,dry day totals close: diff 0.000 <= 0.2,480,0.0,0.0,,
2024-07-28,PASS,dry day totals close: diff 0.000 <= 0.2,480,0.0,0.0,,
2024-07-29,PASS,dry day totals close: diff 0.000 <= 0.2,480,0.0,0.0,,
2024-07-30,PASS,dry day totals close: diff 0.000 <= 0.2,480,0.0,0.0,,
2024-07-31,FAIL,corr 0.352 < 0.4; bias -0.867 outside +/-0.3 and total diff 0.520 > 0.5,480,0.08,0.6,0.3518,-0.8667
2024-08-01,FAIL,bias -0.762 outside +/-0.3 and total diff 4.190 > 0.5,480,1.31,5.5,0.8062,-0.7618
2024-08-02,PASS,dry day totals close: diff 0.010 <= 0.2,480,0.01,0.0,,
2024-08-03,PASS,dry day totals close: diff 0.000 <= 0.2,480,0.0,0.0,,
2024-08-04,PASS,dry day totals close: diff 0.000 <= 0.2,480,0.0,0.0,,
2024-08-05,PASS,dry day totals close: diff 0.000 <= 0.2,480,0.0,0.0,,
2024-08-06,PASS,dry day totals close: diff 0.000 <= 0.2,480,0.0,0.0,,
2024-08-07,FAIL,bias -0.845 outside +/-0.3 and total diff 4.730 > 0.5,480,0.87,5.6,0.5576,-0.8446
2024-08-08,PASS,dry day totals close: diff 0.000 <= 0.2,480,0.0,0.0,,
2024-08-09,PASS,dry day totals close: diff 0.000 <= 0.2,480,0.0,0.0,,
2024-08-10,PASS,dry day totals close: diff 0.000 <= 0.2,480,0.0,0.0,,
2024-08-11,PASS,dry day totals close: diff 0.000 <= 0.2,480,0.0,0.0,,
2024-08-12,PASS,dry day totals close: diff 0.000 <= 0.2,480,0.0,0.0,,
2024-08-13,PASS,dry day totals close: diff 0.200 <= 0.2,480,0.0,0.2,,
2024-08-14,PASS,dry day totals close: diff 0.000 <= 0.2,480,0.0,0.0,,
2024-08-15,PASS,dry day totals close: diff 0.000 <= 0.2,480,0.0,0.0,,
2024-08-16,FAIL,bias -0.580 outside +/-0.3 and total diff 10.210 > 0.5,480,7.39,17.6,0.8939,-0.5801
2024-08-17,FAIL,bias -0.815 outside +/-0.3 and total diff 11.930 > 0.5,480,2.7,14.63,0.7352,-0.8154
2024-08-18,FAIL,bias -0.607 outside +/-0.3 and total diff 37.730 > 0.5,480,24.44,62.17,0.8921,-0.6069
2024-08-19,PASS,dry day totals close: diff 0.000 <= 0.2,480,0.0,0.0,,
2024-08-20,PASS,dry day totals close: diff 0.010 <= 0.2,480,0.01,0.0,,
2024-08-21,PASS,dry day totals close: diff 0.000 <= 0.2,480,0.0,0.0,,
2024-08-22,PASS,dry day totals close: diff 0.000 <= 0.2,480,0.0,0.0,,
2024-08-23,PASS,dry day totals close: diff 0.010 <= 0.2,480,0.01,0.0,,
2024-08-24,PASS,dry day totals close: diff 0.000 <= 0.2,480,0.0,0.0,,
2024-08-25,FAIL,bias -0.960 outside +/-0.3 and total diff 5.760 > 0.5,480,0.24,6.0,0.4472,-0.96
2024-08-26,PASS,dry day totals close: diff 0.000 <= 0.2,480,0.0,0.0,,
2024-08-27,PASS,dry day totals close: diff 0.000 <= 0.2,480,0.0,0.0,,
2024-08-28,PASS,dry day totals close: diff 0.010 <= 0.2,480,0.01,0.0,,
2024-08-29,PASS,dry day totals close: diff 0.000 <= 0.2,480,0.0,0.0,,
2024-08-30,PASS,dry day totals close: diff 0.000 <= 0.2,480,0.0,0.0,,
2024-08-31,PASS,dry day totals close: diff 0.000 <= 0.2,480,0.0,0.0,,
2024-09-01,PASS,dry day totals close: diff 0.000 <= 0.2,480,0.0,0.0,,
2024-09-02,PASS,dry day totals close: diff 0.000 <= 0.2,480,0.0,0.0,,
2024-09-03,FAIL,bias -0.944 outside +/-0.3 and total diff 5.850 > 0.5,480,0.35,6.2,0.444,-0.9435
2024-09-04,PASS,dry day totals close: diff 0.090 <= 0.2,480,0.01,0.1,,
2024-09-05,FAIL,corr 0.309 < 0.4; bias -0.963 outside +/-0.3 and total diff 5.970 > 0.5,480,0.23,6.2,0.3092,-0.9629
2024-09-06,PASS,dry day totals close: diff 0.000 <= 0.2,480,0.0,0.0,,
2024-09-07,PASS,dry day totals close: diff 0.000 <= 0.2,480,0.0,0.0,,
2024-09-08,FAIL,bias -0.729 outside +/-0.3 and total diff 56.260 > 0.5,480,20.94,77.2,0.7326,-0.7288
2024-09-09,FAIL,bias -0.909 outside +/-0.3 and total diff 8.180 > 0.5,480,0.82,9.0,0.4944,-0.9089
2024-09-10,PASS,dry day totals close: diff 0.000 <= 0.2,480,0.0,0.0,,
2024-09-11,FAIL,bias -0.906 outside +/-0.3 and total diff 22.750 > 0.5,480,2.35,25.1,0.6002,-0.9064
2024-09-12,PASS,dry day totals close: diff 0.100 <= 0.2,480,0.0,0.1,,
2024-09-13,FAIL,corr 0.108 < 0.4; bias -0.987 outside +/-0.3 and total diff 1.580 > 0.5,480,0.02,1.6,0.1083,-0.9875
2024-09-14,PASS,dry day totals close: diff 0.100 <= 0.2,480,0.0,0.1,,
2024-09-15,PASS,dry day totals close: diff 0.000 <= 0.2,480,0.0,0.0,,
2024-09-16,PASS,dry day totals close: diff 0.000 <= 0.2,480,0.0,0.0,,
2024-09-17,PASS,dry day totals close: diff 0.000 <= 0.2,480,0.0,0.0,,
2024-09-18,PASS,dry day totals close: diff 0.000 <= 0.2,480,0.0,0.0,,
2024-09-19,PASS,dry day totals close: diff 0.000 <= 0.2,480,0.0,0.0,,
2024-09-20,PASS,dry day totals close: diff 0.000 <= 0.2,480,0.0,0.0,,
2024-09-21,PASS,dry day totals close: diff 0.010 <= 0.2,480,0.01,0.0,,
2024-09-22,FAIL,bias -0.919 outside +/-0.3 and total diff 2.850 > 0.5,480,0.25,3.1,0.4285,-0.9194
2024-09-23,FAIL,corr 0.331 < 0.4; bias -0.869 outside +/-0.3 and total diff 8.080 > 0.5,480,1.22,9.3,0.3307,-0.8688
2024-09-24,FAIL,dry day totals differ: diff 0.300 > 0.2,480,0.0,0.3,,
2024-09-25,FAIL,corr 0.165 < 0.4; bias -0.973 outside +/-0.3 and total diff 1.420 > 0.5,480,0.04,1.46,0.1653,-0.9726
2024-09-26,FAIL,bias -0.943 outside +/-0.3 and total diff 58.310 > 0.5,480,3.53,61.84,0.5304,-0.9429
2024-09-27,FAIL,bias -0.935 outside +/-0.3 and total diff 7.290 > 0.5,480,0.51,7.8,0.5389,-0.9346
2024-09-28,FAIL,bias -0.934 outside +/-0.3 and total diff 10.740 > 0.5,480,0.76,11.5,0.4593,-0.9339
2024-09-29,PASS,dry day totals close: diff 0.000 <= 0.2,480,0.0,0.0,,
2024-09-30,PASS,dry day totals close: diff 0.000 <= 0.2,480,0.0,0.0,,
2024-10-01,FAIL,bias -0.869 outside +/-0.3 and total diff 24.230 > 0.5,480,3.66,27.89,0.591,-0.8688
2024-10-02,FAIL,bias -0.897 outside +/-0.3 and total diff 2.970 > 0.5,480,0.34,3.31,0.7708,-0.8973
2024-10-03,PASS,dry day totals close: diff 0.000 <= 0.2,480,0.0,0.0,,
2024-10-04,PASS,dry day totals close: diff 0.000 <= 0.2,480,0.0,0.0,,
2024-10-05,PASS,dry day totals close: diff 0.000 <= 0.2,480,0.0,0.0,,
2024-10-06,FAIL,dry day totals differ: diff 0.210 > 0.2,480,0.02,0.23,,
2024-10-07,FAIL,bias -0.886 outside +/-0.3 and total diff 6.710 > 0.5,480,0.86,7.57,0.6306,-0.8864
2024-10-08,FAIL,bias -0.879 outside +/-0.3 and total diff 28.670 > 0.5,480,3.93,32.6,0.7187,-0.8794
2024-10-09,FAIL,bias -0.947 outside +/-0.3 and total diff 5.690 > 0.5,480,0.32,6.01,0.4341,-0.9468
2024-10-10,FAIL,bias -0.887 outside +/-0.3 and total diff 6.820 > 0.5,480,0.87,7.69,0.5615,-0.8869
2024-10-11,PASS,OK,480,0.07,0.5,0.7139,-0.86
2024-10-12,FAIL,bias -0.947 outside +/-0.3 and total diff 8.140 > 0.5,480,0.46,8.6,0.4462,-0.9465
2024-10-13,FAIL,corr 0.357 < 0.4,480,0.01,0.5,0.3567,-0.98
2024-10-14,PASS,OK,480,0.03,0.5,0.4229,-0.94
2024-10-15,FAIL,bias -0.931 outside +/-0.3 and total diff 1.210 > 0.5,480,0.09,1.3,0.5667,-0.9308
2024-10-16,PASS,dry day totals close: diff 0.100 <= 0.2,480,0.0,0.1,,
2024-10-17,FAIL,bias -0.914 outside +/-0.3 and total diff 1.280 > 0.5,480,0.12,1.4,0.5962,-0.9143
2024-10-18,FAIL,bias -0.933 outside +/-0.3 and total diff 21.560 > 0.5,480,1.54,23.1,0.5276,-0.9333
2024-10-19,PASS,dry day totals close: diff 0.000 <= 0.2,480,0.0,0.0,,
2024-10-20,PASS,dry day totals close: diff 0.000 <= 0.2,480,0.0,0.0,,
2024-10-21,PASS,dry day totals close: diff 0.000 <= 0.2,480,0.0,0.0,,
2024-10-22,PASS,dry day totals close: diff 0.020 <= 0.2,480,0.02,0.0,,
2024-10-23,PASS,dry day totals close: diff 0.000 <= 0.2,480,0.0,0.0,,
2024-10-24,FAIL,corr 0.324 < 0.4,480,0.08,0.5,0.3243,-0.84
2024-10-25,PASS,dry day totals close: diff 0.000 <= 0.2,480,0.0,0.0,,
2024-10-26,PASS,dry day totals close: diff 0.000 <= 0.2,480,0.0,0.0,,
2024-10-27,PASS,dry day totals close: diff 0.000 <= 0.2,480,0.0,0.0,,
2024-10-28,PASS,dry day totals close: diff 0.010 <= 0.2,480,0.01,0.0,,
2024-10-29,PASS,dry day totals close: diff 0.010 <= 0.2,480,0.01,0.0,,
2024-10-30,PASS,dry day totals close: diff 0.000 <= 0.2,480,0.0,0.0,,
2024-10-31,PASS,dry day totals close: diff 0.000 <= 0.2,480,0.0,0.0,,
2024-11-01,PASS,dry day totals close: diff 0.000 <= 0.2,480,0.0,0.0,,
2024-11-02,PASS,dry day totals close: diff 0.000 <= 0.2,480,0.0,0.0,,
2024-11-03,PASS,dry day totals close: diff 0.000 <= 0.2,480,0.0,0.0,,
2024-11-04,PASS,dry day totals close: diff 0.000 <= 0.2,480,0.0,0.0,,
2024-11-05,PASS,dry day totals close: diff 0.010 <= 0.2,480,0.01,0.0,,
2024-11-06,PASS,dry day totals close: diff 0.000 <= 0.2,480,0.0,0.0,,
2024-11-07,PASS,dry day totals close: diff 0.000 <= 0.2,480,0.0,0.0,,
2024-11-08,PASS,dry day totals close: diff 0.000 <= 0.2,480,0.0,0.0,,
2024-11-09,PASS,dry day totals close: diff 0.000 <= 0.2,480,0.0,0.0,,
2024-11-10,PASS,dry day totals close: diff 0.000 <= 0.2,480,0.0,0.0,,
2024-11-11,FAIL,corr 0.296 < 0.4,480,0.14,0.5,0.2957,-0.72
2024-11-12,PASS,dry day totals close: diff 0.000 <= 0.2,480,0.0,0.0,,
2024-11-13,PASS,dry day totals close: diff 0.000 <= 0.2,480,0.0,0.0,,
2024-11-14,PASS,dry day totals close: diff 0.000 <= 0.2,212,0.0,0.0,,
