MeteoSwiss_Station,Station,File,Status,Time_step_min,First_file_timestamp,Last_file_timestamp,First_common,Last_common,N_station_rows,N_station_grid_rows,N_overlap_pairs_no_lag,best_lag_steps,best_lag_minutes,best_correlation,best_abs_correlation,n_valid_pairs_at_best_lag
LSN,BETH,BETH_20230207.txt,ok,3.0,2022-11-30 00:03:26,2023-02-05 22:39:26,2022-11-30 00:03:26,2023-02-05 22:39:26,32613,32613,32613,0.0,0.0,0.38144799434251175,0.38144799434251175,32613
PUY,BETH,BETH_20230207.txt,ok,3.0,2022-11-30 00:03:26,2023-02-05 22:39:26,2022-11-30 00:03:26,2023-02-05 22:39:26,32613,32613,32613,-1.0,-3.0,0.3779253645658026,0.3779253645658026,32612
VIT,BETH,BETH_20230207.txt,ok,3.0,2022-11-30 00:03:26,2023-02-05 22:39:26,2022-11-30 00:03:26,2023-02-05 22:39:26,32613,32613,32613,-1.0,-3.0,0.28274548156104634,0.28274548156104634,32612
LSN,BETH,BETH_20230329.txt,ok,3.0,2023-02-07 14:48:16,2023-03-29 13:51:16,2023-02-07 14:48:16,2023-03-29 13:51:16,23982,23982,23982,-80.0,-240.0,-0.002862648550660344,0.002862648550660344,23902
PUY,BETH,BETH_20230329.txt,ok,3.0,2023-02-07 14:48:16,2023-03-29 13:51:16,2023-02-07 14:48:16,2023-03-29 13:51:16,23982,23982,23982,80.0,240.0,-0.0029463007796538226,0.0029463007796538226,23902
VIT,BETH,BETH_20230329.txt,ok,3.0,2023-02-07 14:48:16,2023-03-29 13:51:16,2023-02-07 14:48:16,2023-03-29 13:51:16,23982,23982,23982,-80.0,-240.0,-0.003381701353506548,0.003381701353506548,23902
LSN,BETH,BETH_20230719.txt,ok,3.0,2023-05-25 13:33:58,2023-07-19 12:21:58,2023-05-25 13:33:58,2023-07-19 12:21:58,26377,26377,26377,0.0,0.0,0.7723736637550435,0.7723736637550435,26377
PUY,BETH,BETH_20230719.txt,ok,3.0,2023-05-25 13:33:58,2023-07-19 12:21:58,2023-05-25 13:33:58,2023-07-19 12:21:58,26377,26377,26377,0.0,0.0,0.5756434832112006,0.5756434832112006,26377
VIT,BETH,BETH_20230719.txt,ok,3.0,2023-05-25 13:33:58,2023-07-19 12:21:58,2023-05-25 13:33:58,2023-07-19 12:21:58,26377,26377,26377,-2.0,-6.0,0.3259824419187874,0.3259824419187874,26375
LSN,BETH,BETH_20230904.txt,ok,3.0,2023-07-19 12:33:04,2023-09-04 06:57:04,2023-07-19 12:33:04,2023-09-04 06:57:04,22449,22449,22449,-2.0,-6.0,0.28827139329827145,0.28827139329827145,22447
PUY,BETH,BETH_20230904.txt,ok,3.0,2023-07-19 12:33:04,2023-09-04 06:57:04,2023-07-19 12:33:04,2023-09-04 06:57:04,22449,22449,22449,-5.0,-15.0,0.2406727892572803,0.2406727892572803,22444
VIT,BETH,BETH_20230904.txt,ok,3.0,2023-07-19 12:33:04,2023-09-04 06:57:04,2023-07-19 12:33:04,2023-09-04 06:57:04,22449,22449,22449,-2.0,-6.0,0.020625222092251046,0.020625222092251046,22447
LSN,BETH,BETH_20231018.txt,ok,3.0,2023-09-04 07:33:22,2023-10-18 08:18:22,2023-09-04 07:33:22,2023-10-18 08:18:22,21136,21136,21136,0.0,0.0,0.6976651801620193,0.6976651801620193,21136
PUY,BETH,BETH_20231018.txt,ok,3.0,2023-09-04 07:33:22,2023-10-18 08:18:22,2023-09-04 07:33:22,2023-10-18 08:18:22,21136,21136,21136,-5.0,-15.0,0.5508442083209766,0.5508442083209766,21131
VIT,BETH,BETH_20231018.txt,ok,3.0,2023-09-04 07:33:22,2023-10-18 08:18:22,2023-09-04 07:33:22,2023-10-18 08:18:22,21136,21136,21136,-3.0,-9.0,0.2222250243770398,0.2222250243770398,21133
LSN,BETH,BETH_20231218.txt,ok,3.0,2023-10-18 08:48:37,2023-12-18 08:06:37,2023-10-18 08:48:37,2023-12-18 08:06:37,29267,29267,29267,-1.0,-3.0,0.6959669605798438,0.6959669605798438,29266
PUY,BETH,BETH_20231218.txt,ok,3.0,2023-10-18 08:48:37,2023-12-18 08:06:37,2023-10-18 08:48:37,2023-12-18 08:06:37,29267,29267,29267,-2.0,-6.0,0.6682490454036171,0.6682490454036171,29265
VIT,BETH,BETH_20231218.txt,ok,3.0,2023-10-18 08:48:37,2023-12-18 08:06:37,2023-10-18 08:48:37,2023-12-18 08:06:37,29267,29267,29267,1.0,3.0,0.5133407203230705,0.5133407203230705,29266
LSN,BETH,BETH_20241114.xlsx,ok,3.0,2023-12-18 08:30:00,2024-02-23 04:30:00,2023-12-18 08:30:00,2024-02-23 04:30:00,32081,32081,32081,-1.0,-3.0,0.6008278485261019,0.6008278485261019,32080
PUY,BETH,BETH_20241114.xlsx,ok,3.0,2023-12-18 08:30:00,2024-02-23 04:30:00,2023-12-18 08:30:00,2024-02-23 04:30:00,32081,32081,32081,-2.0,-6.0,0.5930490994509849,0.5930490994509849,32079
VIT,BETH,BETH_20241114.xlsx,ok,3.0,2023-12-18 08:30:00,2024-02-23 04:30:00,2023-12-18 08:30:00,2024-02-23 04:30:00,32081,32081,32081,0.0,0.0,0.4990138387140638,0.4990138387140638,32081
LSN,BETH,BETH_20241120.txt,ok,3.0,2024-11-14 12:48:29,2024-11-20 14:45:29,2024-11-14 12:48:29,2024-11-20 14:45:29,2920,2920,2920,5.0,15.0,0.01698867130718374,0.01698867130718374,2915
PUY,BETH,BETH_20241120.txt,ok,3.0,2024-11-14 12:48:29,2024-11-20 14:45:29,2024-11-14 12:48:29,2024-11-20 14:45:29,2920,2920,2920,5.0,15.0,0.020391289246578605,0.020391289246578605,2915
VIT,BETH,BETH_20241120.txt,ok,3.0,2024-11-14 12:48:29,2024-11-20 14:45:29,2024-11-14 12:48:29,2024-11-20 14:45:29,2920,2920,2920,10.0,30.0,0.027153091714017023,0.027153091714017023,2910
LSN,BETH,BETH_20250612.txt,ok,3.0,2025-04-08 12:18:55,2025-06-12 09:33:55,2025-04-08 12:18:55,2025-06-12 09:33:55,31146,31146,31146,-1.0,-3.0,0.6480596841726749,0.6480596841726749,31145
PUY,BETH,BETH_20250612.txt,ok,3.0,2025-04-08 12:18:55,2025-06-12 09:33:55,2025-04-08 12:18:55,2025-06-12 09:33:55,31146,31146,31146,-2.0,-6.0,0.6271549228991207,0.6271549228991207,31144
VIT,BETH,BETH_20250612.txt,ok,3.0,2025-04-08 12:18:55,2025-06-12 09:33:55,2025-04-08 12:18:55,2025-06-12 09:33:55,31146,31146,31146,-2.0,-6.0,0.2350852756858018,0.2350852756858018,31144
LSN,BETH,BETH_20250805.txt,ok,3.0,2025-06-12 09:48:54,2025-08-05 09:18:54,2025-06-12 09:48:54,2025-08-05 09:18:54,25911,25911,25911,0.0,0.0,0.8101209692615707,0.8101209692615707,25911
PUY,BETH,BETH_20250805.txt,ok,3.0,2025-06-12 09:48:54,2025-08-05 09:18:54,2025-06-12 09:48:54,2025-08-05 09:18:54,25911,25911,25911,-2.0,-6.0,0.6892724029894812,0.6892724029894812,25909
VIT,BETH,BETH_20250805.txt,ok,3.0,2025-06-12 09:48:54,2025-08-05 09:18:54,2025-06-12 09:48:54,2025-08-05 09:18:54,25911,25911,25911,12.0,36.0,0.2222931055720725,0.2222931055720725,25899
LSN,BETH,BETH_20260305.txt,ok,3.0,2026-01-05 10:03:11,2026-03-05 13:48:11,2026-01-05 10:03:11,2026-03-05 13:48:11,28396,28396,28396,0.0,0.0,0.8804206101809506,0.8804206101809506,28396
PUY,BETH,BETH_20260305.txt,ok,3.0,2026-01-05 10:03:11,2026-03-05 13:48:11,2026-01-05 10:03:11,2026-03-05 13:48:11,28396,28396,28396,-1.0,-3.0,0.8718055564638731,0.8718055564638731,28395
VIT,BETH,BETH_20260305.txt,ok,3.0,2026-01-05 10:03:11,2026-03-05 13:48:11,2026-01-05 10:03:11,2026-03-05 13:48:11,28396,28396,28396,0.0,0.0,0.6359240944368455,0.6359240944368455,28396
LSN,BETH,BETH_20260528.csv,ok,3.0,2026-03-05 14:02:34,2026-05-28 11:24:30,2026-03-05 14:02:34,2026-05-04 23:50:34,39674,40268,28818,0.0,0.0,0.8659195690207622,0.8659195690207622,28818
PUY,BETH,BETH_20260528.csv,ok,3.0,2026-03-05 14:02:34,2026-05-28 11:24:30,2026-03-05 14:02:34,2026-05-04 23:50:34,39674,40268,28818,-1.0,-3.0,0.8683278519001926,0.8683278519001926,28817
VIT,BETH,BETH_20260528.csv,ok,3.0,2026-03-05 14:02:34,2026-05-28 11:24:30,2026-03-05 14:02:34,2026-05-04 23:50:34,39674,40268,28818,7.0,21.0,0.5545930832272121,0.5545930832272121,28818
LSN,BOIS,BOIS_20230222.txt,ok,3.0,2022-12-08 00:03:14,2023-02-13 22:39:14,2022-12-08 00:03:14,2023-02-13 22:39:14,32613,32613,32613,-1.0,-3.0,0.29940611798992095,0.29940611798992095,32612
PUY,BOIS,BOIS_20230222.txt,ok,3.0,2022-12-08 00:03:14,2023-02-13 22:39:14,2022-12-08 00:03:14,2023-02-13 22:39:14,32613,32613,32613,-1.0,-3.0,0.29657172180754704,0.29657172180754704,32612
VIT,BOIS,BOIS_20230222.txt,ok,3.0,2022-12-08 00:03:14,2023-02-13 22:39:14,2022-12-08 00:03:14,2023-02-13 22:39:14,32613,32613,32613,-1.0,-3.0,0.23961964357170287,0.23961964357170287,32612
LSN,BOIS,BOIS_20230425.txt,ok,3.0,2023-02-22 13:03:51,2023-04-25 10:57:51,2023-02-22 13:03:51,2023-04-25 10:57:51,29719,29719,29719,-18.0,-54.0,0.0734162737506518,0.0734162737506518,29701
PUY,BOIS,BOIS_20230425.txt,ok,3.0,2023-02-22 13:03:51,2023-04-25 10:57:51,2023-02-22 13:03:51,2023-04-25 10:57:51,29719,29719,29719,-20.0,-60.0,0.08524439057545122,0.08524439057545122,29699
VIT,BOIS,BOIS_20230425.txt,ok,3.0,2023-02-22 13:03:51,2023-04-25 10:57:51,2023-02-22 13:03:51,2023-04-25 10:57:51,29719,29719,29719,-37.0,-111.0,0.04584396891262166,0.04584396891262166,29682
LSN,BOIS,BOIS_20240229.txt,ok,3.0,2023-05-17 16:59:52,2024-02-29 06:53:52,2023-05-17 16:59:52,2024-02-29 06:53:52,138039,138039,138039,-2.0,-6.0,0.6735636601482046,0.6735636601482046,138037
PUY,BOIS,BOIS_20240229.txt,ok,3.0,2023-05-17 16:59:52,2024-02-29 06:53:52,2023-05-17 16:59:52,2024-02-29 06:53:52,138039,138039,138039,-3.0,-9.0,0.49278795205555354,0.49278795205555354,138036
VIT,BOIS,BOIS_20240229.txt,ok,3.0,2023-05-17 16:59:52,2024-02-29 06:53:52,2023-05-17 16:59:52,2024-02-29 06:53:52,138039,138039,138039,-4.0,-12.0,0.4516656534071321,0.4516656534071321,138035
LSN,BOIS,BOIS_20241120.xlsx,ok,3.0,2024-02-29 07:45:00,2024-05-02 22:45:00,2024-02-29 07:45:00,2024-05-02 22:45:00,30521,30541,30521,-1.0,-3.0,0.3721018324273115,0.3721018324273115,30520
PUY,BOIS,BOIS_20241120.xlsx,ok,3.0,2024-02-29 07:45:00,2024-05-02 22:45:00,2024-02-29 07:45:00,2024-05-02 22:45:00,30521,30541,30521,-3.0,-9.0,0.49849575522381495,0.49849575522381495,30518
VIT,BOIS,BOIS_20241120.xlsx,ok,3.0,2024-02-29 07:45:00,2024-05-02 22:45:00,2024-02-29 07:45:00,2024-05-02 22:45:00,30521,30541,30521,-3.0,-9.0,0.34352756224521136,0.34352756224521136,30518
LSN,BOIS,BOIS_20241205.xlsx,ok,3.0,2024-11-20 07:45:00,2024-12-05 07:06:00,2024-11-20 07:45:00,2024-12-05 07:06:00,7188,7188,7188,-1.0,-3.0,0.6136293027340413,0.6136293027340413,7187
PUY,BOIS,BOIS_20241205.xlsx,ok,3.0,2024-11-20 07:45:00,2024-12-05 07:06:00,2024-11-20 07:45:00,2024-12-05 07:06:00,7188,7188,7188,46.0,138.0,0.575353237846298,0.575353237846298,7142
VIT,BOIS,BOIS_20241205.xlsx,ok,3.0,2024-11-20 07:45:00,2024-12-05 07:06:00,2024-11-20 07:45:00,2024-12-05 07:06:00,7188,7188,7188,1.0,3.0,0.595739921535314,0.595739921535314,7187
LSN,BOIS,BOIS_20250410.xlsx,ok,3.0,2024-12-05 07:45:00,2024-12-16 20:21:00,2024-12-05 07:45:00,2024-12-16 20:21:00,5533,5533,5533,-1.0,-3.0,0.9032780100532681,0.9032780100532681,5532
PUY,BOIS,BOIS_20250410.xlsx,ok,3.0,2024-12-05 07:45:00,2024-12-16 20:21:00,2024-12-05 07:45:00,2024-12-16 20:21:00,5533,5533,5533,-3.0,-9.0,0.8607968810783331,0.8607968810783331,5530
VIT,BOIS,BOIS_20250410.xlsx,ok,3.0,2024-12-05 07:45:00,2024-12-16 20:21:00,2024-12-05 07:45:00,2024-12-16 20:21:00,5533,5533,5533,0.0,0.0,0.7650067431158692,0.7650067431158692,5533
LSN,BOIS,BOIS_20250429.xlsx,ok,3.0,2025-04-08 06:30:00,2025-04-17 23:24:00,2025-04-08 06:30:00,2025-04-17 23:24:00,4659,4659,4659,0.0,0.0,0.8607470275146478,0.8607470275146478,4659
PUY,BOIS,BOIS_20250429.xlsx,ok,3.0,2025-04-08 06:30:00,2025-04-17 23:24:00,2025-04-08 06:30:00,2025-04-17 23:24:00,4659,4659,4659,0.0,0.0,0.8405816481478032,0.8405816481478032,4659
VIT,BOIS,BOIS_20250429.xlsx,ok,3.0,2025-04-08 06:30:00,2025-04-17 23:24:00,2025-04-08 06:30:00,2025-04-17 23:24:00,4659,4659,4659,-7.0,-21.0,0.7055170125161483,0.7055170125161483,4652
LSN,BOIS,BOIS_20250612.txt,ok,3.0,2025-04-29 06:48:29,2025-06-12 06:15:29,2025-04-29 06:48:29,2025-06-12 06:15:29,21110,21110,21110,-1.0,-3.0,0.793047718470417,0.793047718470417,21109
PUY,BOIS,BOIS_20250612.txt,ok,3.0,2025-04-29 06:48:29,2025-06-12 06:15:29,2025-04-29 06:48:29,2025-06-12 06:15:29,21110,21110,21110,-1.0,-3.0,0.5471036401060146,0.5471036401060146,21109
VIT,BOIS,BOIS_20250612.txt,ok,3.0,2025-04-29 06:48:29,2025-06-12 06:15:29,2025-04-29 06:48:29,2025-06-12 06:15:29,21110,21110,21110,-2.0,-6.0,0.3430716732647755,0.3430716732647755,21108
LSN,BOIS,BOIS_20250805.txt,ok,3.0,2025-06-12 06:33:16,2025-08-05 05:33:16,2025-06-12 06:33:16,2025-08-05 05:33:16,25901,25901,25901,0.0,0.0,0.6646905490861834,0.6646905490861834,25901
PUY,BOIS,BOIS_20250805.txt,ok,3.0,2025-06-12 06:33:16,2025-08-05 05:33:16,2025-06-12 06:33:16,2025-08-05 05:33:16,25901,25901,25901,-3.0,-9.0,0.3966895713883155,0.3966895713883155,25898
VIT,BOIS,BOIS_20250805.txt,ok,3.0,2025-06-12 06:33:16,2025-08-05 05:33:16,2025-06-12 06:33:16,2025-08-05 05:33:16,25901,25901,25901,63.0,189.0,0.2881603813766245,0.2881603813766245,25838
LSN,BOIS,BOIS_20260528.csv,ok,3.0,2025-09-11 06:53:38,2026-05-28 11:24:30,2025-09-11 06:53:38,2026-05-04 23:50:38,88288,124411,77970,15.0,45.0,0.05382319481341441,0.05382319481341441,77977
PUY,BOIS,BOIS_20260528.csv,ok,3.0,2025-09-11 06:53:38,2026-05-28 11:24:30,2025-09-11 06:53:38,2026-05-04 23:50:38,88288,124411,77970,39.0,117.0,0.03247100556979913,0.03247100556979913,77982
VIT,BOIS,BOIS_20260528.csv,ok,3.0,2025-09-11 06:53:38,2026-05-28 11:24:30,2025-09-11 06:53:38,2026-05-04 23:50:38,88288,124411,77970,5.0,15.0,0.03516344402649852,0.03516344402649852,77973
LSN,CHAN,CHAN_20230207.txt,ok,3.0,2022-11-30 00:03:07,2023-02-05 22:39:07,2022-11-30 00:03:07,2023-02-05 22:39:07,32613,32613,32613,0.0,0.0,0.1733359396832679,0.1733359396832679,32613
PUY,CHAN,CHAN_20230207.txt,ok,3.0,2022-11-30 00:03:07,2023-02-05 22:39:07,2022-11-30 00:03:07,2023-02-05 22:39:07,32613,32613,32613,-1.0,-3.0,0.14936748845435335,0.14936748845435335,32612
VIT,CHAN,CHAN_20230207.txt,ok,3.0,2022-11-30 00:03:07,2023-02-05 22:39:07,2022-11-30 00:03:07,2023-02-05 22:39:07,32613,32613,32613,-2.0,-6.0,0.14220709399483275,0.14220709399483275,32611
LSN,CHAN,CHAN_20230329.txt,ok,3.0,2023-02-07 14:18:10,2023-03-29 13:24:10,2023-02-07 14:18:10,2023-03-29 13:24:10,23983,23983,23983,-3.0,-9.0,0.22016024621272415,0.22016024621272415,23980
PUY,CHAN,CHAN_20230329.txt,ok,3.0,2023-02-07 14:18:10,2023-03-29 13:24:10,2023-02-07 14:18:10,2023-03-29 13:24:10,23983,23983,23983,1.0,3.0,0.24017564619588092,0.24017564619588092,23982
VIT,CHAN,CHAN_20230329.txt,ok,3.0,2023-02-07 14:18:10,2023-03-29 13:24:10,2023-02-07 14:18:10,2023-03-29 13:24:10,23983,23983,23983,0.0,0.0,0.1356486604344125,0.1356486604344125,23983
LSN,CHAN,CHAN_20230524.txt,ok,3.0,2023-03-29 13:48:51,2023-05-24 13:57:51,2023-03-29 13:48:51,2023-05-24 13:57:51,26884,26884,26884,-47.0,-141.0,0.043289013668008636,0.043289013668008636,26837
PUY,CHAN,CHAN_20230524.txt,ok,3.0,2023-03-29 13:48:51,2023-05-24 13:57:51,2023-03-29 13:48:51,2023-05-24 13:57:51,26884,26884,26884,-76.0,-228.0,0.03030314863658183,0.03030314863658183,26808
VIT,CHAN,CHAN_20230524.txt,ok,3.0,2023-03-29 13:48:51,2023-05-24 13:57:51,2023-03-29 13:48:51,2023-05-24 13:57:51,26884,26884,26884,-37.0,-111.0,0.03767137756599285,0.03767137756599285,26847
LSN,CHAN,CHAN_20230719.txt,ok,3.0,2023-05-24 14:17:59,2023-07-19 13:08:59,2023-05-24 14:17:59,2023-07-19 13:08:59,26858,26858,26858,0.0,0.0,0.5280480574431095,0.5280480574431095,26858
PUY,CHAN,CHAN_20230719.txt,ok,3.0,2023-05-24 14:17:59,2023-07-19 13:08:59,2023-05-24 14:17:59,2023-07-19 13:08:59,26858,26858,26858,0.0,0.0,0.40554501751283756,0.40554501751283756,26858
VIT,CHAN,CHAN_20230719.txt,ok,3.0,2023-05-24 14:17:59,2023-07-19 13:08:59,2023-05-24 14:17:59,2023-07-19 13:08:59,26858,26858,26858,-2.0,-6.0,0.22896420297872253,0.22896420297872253,26856
LSN,CHAN,CHAN_20230904.txt,ok,3.0,2023-07-19 13:33:02,2023-09-04 07:18:02,2023-07-19 13:33:02,2023-09-04 07:18:02,22436,22436,22436,-2.0,-6.0,0.2764034213089219,0.2764034213089219,22434
PUY,CHAN,CHAN_20230904.txt,ok,3.0,2023-07-19 13:33:02,2023-09-04 07:18:02,2023-07-19 13:33:02,2023-09-04 07:18:02,22436,22436,22436,-5.0,-15.0,0.2354847681490851,0.2354847681490851,22431
VIT,CHAN,CHAN_20230904.txt,ok,3.0,2023-07-19 13:33:02,2023-09-04 07:18:02,2023-07-19 13:33:02,2023-09-04 07:18:02,22436,22436,22436,12.0,36.0,0.021186347781230082,0.021186347781230082,22424
LSN,CHAN,CHAN_20231218.txt,ok,3.0,2023-11-07 11:18:06,2023-12-18 09:30:06,2023-11-07 11:18:06,2023-12-18 09:30:06,19645,19645,19645,0.0,0.0,0.8039438823613063,0.8039438823613063,19645
PUY,CHAN,CHAN_20231218.txt,ok,3.0,2023-11-07 11:18:06,2023-12-18 09:30:06,2023-11-07 11:18:06,2023-12-18 09:30:06,19645,19645,19645,-1.0,-3.0,0.8327144403239881,0.8327144403239881,19644
VIT,CHAN,CHAN_20231218.txt,ok,3.0,2023-11-07 11:18:06,2023-12-18 09:30:06,2023-11-07 11:18:06,2023-12-18 09:30:06,19645,19645,19645,1.0,3.0,0.5284683572810218,0.5284683572810218,19644
LSN,CHAN,CHAN_20241114.xlsx,ok,3.0,2023-12-18 10:06:00,2024-11-14 10:39:00,2023-12-18 10:06:00,2024-11-14 10:39:00,159372,159372,159372,-1.0,-3.0,0.5582843134199826,0.5582843134199826,159371
PUY,CHAN,CHAN_20241114.xlsx,ok,3.0,2023-12-18 10:06:00,2024-11-14 10:39:00,2023-12-18 10:06:00,2024-11-14 10:39:00,159372,159372,159372,-2.0,-6.0,0.6143588689640714,0.6143588689640714,159370
VIT,CHAN,CHAN_20241114.xlsx,ok,3.0,2023-12-18 10:06:00,2024-11-14 10:39:00,2023-12-18 10:06:00,2024-11-14 10:39:00,159372,159372,159372,2.0,6.0,0.11072437304051744,0.11072437304051744,159370
LSN,CHAN,CHAN_20241203.txt,ok,3.0,2024-11-27 15:47:59,2024-12-03 10:44:59,2024-11-27 15:47:59,2024-12-03 10:44:59,2780,2780,2780,0.0,0.0,0.5749993612143777,0.5749993612143777,2780
PUY,CHAN,CHAN_20241203.txt,ok,3.0,2024-11-27 15:47:59,2024-12-03 10:44:59,2024-11-27 15:47:59,2024-12-03 10:44:59,2780,2780,2780,-1.0,-3.0,0.5808273673106547,0.5808273673106547,2779
VIT,CHAN,CHAN_20241203.txt,ok,3.0,2024-11-27 15:47:59,2024-12-03 10:44:59,2024-11-27 15:47:59,2024-12-03 10:44:59,2780,2780,2780,2.0,6.0,0.38709235838991746,0.38709235838991746,2778
LSN,CHAN,CHAN_20250410.xlsx,ok,3.0,2024-12-03 12:00:00,2025-01-10 16:57:00,2024-12-03 12:00:00,2025-01-10 16:57:00,18340,18340,18340,0.0,0.0,0.4263180956399695,0.4263180956399695,18340
PUY,CHAN,CHAN_20250410.xlsx,ok,3.0,2024-12-03 12:00:00,2025-01-10 16:57:00,2024-12-03 12:00:00,2025-01-10 16:57:00,18340,18340,18340,-2.0,-6.0,0.4388371946651435,0.4388371946651435,18338
VIT,CHAN,CHAN_20250410.xlsx,ok,3.0,2024-12-03 12:00:00,2025-01-10 16:57:00,2024-12-03 12:00:00,2025-01-10 16:57:00,18340,18340,18340,3.0,9.0,0.333042742539703,0.333042742539703,18337
LSN,CHAN,CHAN_20250626.txt,ok,3.0,2025-04-08 14:03:19,2025-06-15 12:39:19,2025-04-08 14:03:19,2025-06-15 12:39:19,32613,32613,32613,0.0,0.0,0.714074763467138,0.714074763467138,32613
PUY,CHAN,CHAN_20250626.txt,ok,3.0,2025-04-08 14:03:19,2025-06-15 12:39:19,2025-04-08 14:03:19,2025-06-15 12:39:19,32613,32613,32613,-1.0,-3.0,0.7584630334944622,0.7584630334944622,32612
VIT,CHAN,CHAN_20250626.txt,ok,3.0,2025-04-08 14:03:19,2025-06-15 12:39:19,2025-04-08 14:03:19,2025-06-15 12:39:19,32613,32613,32613,-2.0,-6.0,0.387659335868997,0.387659335868997,32611
LSN,CHAN,CHAN_20250805.txt,ok,3.0,2025-06-24 08:18:26,2025-08-05 11:21:26,2025-06-24 08:18:26,2025-08-05 11:21:26,20222,20222,20222,1.0,3.0,0.6467887476785271,0.6467887476785271,20221
PUY,CHAN,CHAN_20250805.txt,ok,3.0,2025-06-24 08:18:26,2025-08-05 11:21:26,2025-06-24 08:18:26,2025-08-05 11:21:26,20222,20222,20222,-1.0,-3.0,0.5763979511614225,0.5763979511614225,20221
VIT,CHAN,CHAN_20250805.txt,ok,3.0,2025-06-24 08:18:26,2025-08-05 11:21:26,2025-06-24 08:18:26,2025-08-05 11:21:26,20222,20222,20222,66.0,198.0,0.34824848766379124,0.34824848766379124,20156
LSN,CHAN,CHAN_20260528.csv,ok,3.0,2025-08-07 09:48:39,2026-05-28 11:23:25,2025-08-07 09:48:39,2026-05-04 23:51:39,125579,141153,114630,0.0,0.0,0.30874561805758943,0.30874561805758943,114630
PUY,CHAN,CHAN_20260528.csv,ok,3.0,2025-08-07 09:48:39,2026-05-28 11:23:25,2025-08-07 09:48:39,2026-05-04 23:51:39,125579,141153,114630,-1.0,-3.0,0.3384838986543094,0.3384838986543094,114629
VIT,CHAN,CHAN_20260528.csv,ok,3.0,2025-08-07 09:48:39,2026-05-28 11:23:25,2025-08-07 09:48:39,2026-05-04 23:51:39,125579,141153,114630,0.0,0.0,0.21177325571577013,0.21177325571577013,114630
LSN,ELYS,ELYS_20230207.txt,ok,3.0,2022-11-30 00:03:10,2023-02-05 22:39:10,2022-11-30 00:03:10,2023-02-05 22:39:10,32613,32613,32613,0.0,0.0,0.036835397201098706,0.036835397201098706,32613
PUY,ELYS,ELYS_20230207.txt,ok,3.0,2022-11-30 00:03:10,2023-02-05 22:39:10,2022-11-30 00:03:10,2023-02-05 22:39:10,32613,32613,32613,-1.0,-3.0,0.0486238834528638,0.0486238834528638,32612
VIT,ELYS,ELYS_20230207.txt,ok,3.0,2022-11-30 00:03:10,2023-02-05 22:39:10,2022-11-30 00:03:10,2023-02-05 22:39:10,32613,32613,32613,-78.0,-234.0,-0.024773346140251087,0.024773346140251087,32535
LSN,ELYS,ELYS_20230329.txt,ok,3.0,2023-02-07 13:48:24,2023-03-29 13:03:24,2023-02-07 13:48:24,2023-03-29 13:03:24,23986,23986,23986,61.0,183.0,-0.022001773775075315,0.022001773775075315,23925
PUY,ELYS,ELYS_20230329.txt,ok,3.0,2023-02-07 13:48:24,2023-03-29 13:03:24,2023-02-07 13:48:24,2023-03-29 13:03:24,23986,23986,23986,60.0,180.0,-0.022720209557109114,0.022720209557109114,23926
VIT,ELYS,ELYS_20230329.txt,ok,3.0,2023-02-07 13:48:24,2023-03-29 13:03:24,2023-02-07 13:48:24,2023-03-29 13:03:24,23986,23986,23986,-68.0,-204.0,-0.024096063985431262,0.024096063985431262,23918
LSN,ELYS,ELYS_20230524.txt,ok,3.0,2023-03-29 13:18:14,2023-05-24 14:18:14,2023-03-29 13:18:14,2023-05-24 14:18:14,26901,26901,26901,0.0,0.0,0.1255580612180167,0.1255580612180167,26901
PUY,ELYS,ELYS_20230524.txt,ok,3.0,2023-03-29 13:18:14,2023-05-24 14:18:14,2023-03-29 13:18:14,2023-05-24 14:18:14,26901,26901,26901,-1.0,-3.0,0.121107148033365,0.121107148033365,26900
VIT,ELYS,ELYS_20230524.txt,ok,3.0,2023-03-29 13:18:14,2023-05-24 14:18:14,2023-03-29 13:18:14,2023-05-24 14:18:14,26901,26901,26901,9.0,27.0,0.06412161584252135,0.06412161584252135,26892
LSN,ELYS,ELYS_20230719.txt,ok,3.0,2023-05-24 14:33:03,2023-07-19 13:39:03,2023-05-24 14:33:03,2023-07-19 13:39:03,26863,26863,26863,-1.0,-3.0,0.2009970759355637,0.2009970759355637,26862
PUY,ELYS,ELYS_20230719.txt,ok,3.0,2023-05-24 14:33:03,2023-07-19 13:39:03,2023-05-24 14:33:03,2023-07-19 13:39:03,26863,26863,26863,-1.0,-3.0,0.19577623351224227,0.19577623351224227,26862
VIT,ELYS,ELYS_20230719.txt,ok,3.0,2023-05-24 14:33:03,2023-07-19 13:39:03,2023-05-24 14:33:03,2023-07-19 13:39:03,26863,26863,26863,-5.0,-15.0,0.08913277075567096,0.08913277075567096,26858
LSN,ELYS,ELYS_20230904.txt,ok,3.0,2023-07-19 14:03:02,2023-09-04 08:00:02,2023-07-19 14:03:02,2023-09-04 08:00:02,22440,22440,22440,-1.0,-3.0,0.2957015712488365,0.2957015712488365,22439
PUY,ELYS,ELYS_20230904.txt,ok,3.0,2023-07-19 14:03:02,2023-09-04 08:00:02,2023-07-19 14:03:02,2023-09-04 08:00:02,22440,22440,22440,-2.0,-6.0,0.2629518475189393,0.2629518475189393,22438
VIT,ELYS,ELYS_20230904.txt,ok,3.0,2023-07-19 14:03:02,2023-09-04 08:00:02,2023-07-19 14:03:02,2023-09-04 08:00:02,22440,22440,22440,-4.0,-12.0,0.1255403804738391,0.1255403804738391,22436
LSN,ELYS,ELYS_20231018.txt,ok,3.0,2023-09-04 08:33:39,2023-10-18 08:54:39,2023-09-04 08:33:39,2023-10-18 08:54:39,21128,21128,21128,0.0,0.0,0.1003266494853886,0.1003266494853886,21128
PUY,ELYS,ELYS_20231018.txt,ok,3.0,2023-09-04 08:33:39,2023-10-18 08:54:39,2023-09-04 08:33:39,2023-10-18 08:54:39,21128,21128,21128,-3.0,-9.0,0.07598086049162485,0.07598086049162485,21125
VIT,ELYS,ELYS_20231018.txt,ok,3.0,2023-09-04 08:33:39,2023-10-18 08:54:39,2023-09-04 08:33:39,2023-10-18 08:54:39,21128,21128,21128,-40.0,-120.0,0.13227226805329892,0.13227226805329892,21088
LSN,ELYS,ELYS_20231218.txt,ok,3.0,2023-10-18 09:18:22,2023-12-18 08:51:22,2023-10-18 09:18:22,2023-12-18 08:51:22,29272,29272,29272,-1.0,-3.0,0.6833553275746603,0.6833553275746603,29271
PUY,ELYS,ELYS_20231218.txt,ok,3.0,2023-10-18 09:18:22,2023-12-18 08:51:22,2023-10-18 09:18:22,2023-12-18 08:51:22,29272,29272,29272,-1.0,-3.0,0.6852511030457442,0.6852511030457442,29271
VIT,ELYS,ELYS_20231218.txt,ok,3.0,2023-10-18 09:18:22,2023-12-18 08:51:22,2023-10-18 09:18:22,2023-12-18 08:51:22,29272,29272,29272,0.0,0.0,0.5224565601025206,0.5224565601025206,29272
LSN,ELYS,ELYS_20241120.xlsx,ok,3.0,2023-12-18 09:30:00,2024-05-18 23:54:00,2023-12-18 09:30:00,2024-05-18 23:54:00,73229,73249,73229,-1.0,-3.0,0.5186799476259814,0.5186799476259814,73228
PUY,ELYS,ELYS_20241120.xlsx,ok,3.0,2023-12-18 09:30:00,2024-05-18 23:54:00,2023-12-18 09:30:00,2024-05-18 23:54:00,73229,73249,73229,-2.0,-6.0,0.6079315358003271,0.6079315358003271,73227
VIT,ELYS,ELYS_20241120.xlsx,ok,3.0,2023-12-18 09:30:00,2024-05-18 23:54:00,2023-12-18 09:30:00,2024-05-18 23:54:00,73229,73249,73229,1.0,3.0,0.4500642227573406,0.4500642227573406,73228
LSN,ELYS,ELYS_20250612.txt,ok,3.0,2025-04-08 13:33:37,2025-06-12 11:33:37,2025-04-08 13:33:37,2025-06-12 11:33:37,31161,31161,31161,0.0,0.0,0.6873541488768906,0.6873541488768906,31161
PUY,ELYS,ELYS_20250612.txt,ok,3.0,2025-04-08 13:33:37,2025-06-12 11:33:37,2025-04-08 13:33:37,2025-06-12 11:33:37,31161,31161,31161,-1.0,-3.0,0.6948259009849891,0.6948259009849891,31160
VIT,ELYS,ELYS_20250612.txt,ok,3.0,2025-04-08 13:33:37,2025-06-12 11:33:37,2025-04-08 13:33:37,2025-06-12 11:33:37,31161,31161,31161,-2.0,-6.0,0.3730902607902982,0.3730902607902982,31159
LSN,ELYS,ELYS_20250805.txt,ok,3.0,2025-06-12 11:48:44,2025-08-05 11:51:44,2025-06-12 11:48:44,2025-08-05 11:51:44,25922,25922,25922,1.0,3.0,0.6326790045344464,0.6326790045344464,25921
PUY,ELYS,ELYS_20250805.txt,ok,3.0,2025-06-12 11:48:44,2025-08-05 11:51:44,2025-06-12 11:48:44,2025-08-05 11:51:44,25922,25922,25922,-2.0,-6.0,0.45079111000056704,0.45079111000056704,25920
VIT,ELYS,ELYS_20250805.txt,ok,3.0,2025-06-12 11:48:44,2025-08-05 11:51:44,2025-06-12 11:48:44,2025-08-05 11:51:44,25922,25922,25922,67.0,201.0,0.3366584818058589,0.3366584818058589,25855
LSN,ELYS,ELYS_20260528.csv,ok,3.0,2025-08-05 11:58:31,2026-05-28 11:23:23,2025-08-05 11:58:31,2026-05-04 23:52:31,135966,142069,124436,-1.0,-3.0,0.27837380644362475,0.27837380644362475,124435
PUY,ELYS,ELYS_20260528.csv,ok,3.0,2025-08-05 11:58:31,2026-05-28 11:23:23,2025-08-05 11:58:31,2026-05-04 23:52:31,135966,142069,124436,-1.0,-3.0,0.27811325790382835,0.27811325790382835,124435
VIT,ELYS,ELYS_20260528.csv,ok,3.0,2025-08-05 11:58:31,2026-05-28 11:23:23,2025-08-05 11:58:31,2026-05-04 23:52:31,135966,142069,124436,-3.0,-9.0,0.2175954299513514,0.2175954299513514,124433
LSN,GEOP,GEOP_20230119.txt,ok,2.0,2022-11-11 00:02:18,2022-12-26 07:06:18,2022-11-11 00:02:18,2022-12-26 07:06:18,32607,32613,32607,-3.0,-6.0,0.7732053884687827,0.7732053884687827,32604
PUY,GEOP,GEOP_20230119.txt,ok,2.0,2022-11-11 00:02:18,2022-12-26 07:06:18,2022-11-11 00:02:18,2022-12-26 07:06:18,32607,32613,32607,-4.0,-8.0,0.6508121295620072,0.6508121295620072,32603
VIT,GEOP,GEOP_20230119.txt,ok,2.0,2022-11-11 00:02:18,2022-12-26 07:06:18,2022-11-11 00:02:18,2022-12-26 07:06:18,32607,32613,32607,-4.0,-8.0,0.6891587933165709,0.6891587933165709,32603
LSN,GEOP,GEOP_20230328.txt,ok,3.0,2023-01-19 14:03:08,2023-03-28 12:39:08,2023-01-19 14:03:08,2023-03-28 12:39:08,32613,32613,32613,-1.0,-3.0,0.7950269344298354,0.7950269344298354,32612
PUY,GEOP,GEOP_20230328.txt,ok,3.0,2023-01-19 14:03:08,2023-03-28 12:39:08,2023-01-19 14:03:08,2023-03-28 12:39:08,32613,32613,32613,-2.0,-6.0,0.6492840979097467,0.6492840979097467,32611
VIT,GEOP,GEOP_20230328.txt,ok,3.0,2023-01-19 14:03:08,2023-03-28 12:39:08,2023-01-19 14:03:08,2023-03-28 12:39:08,32613,32613,32613,-2.0,-6.0,0.6341400257195265,0.6341400257195265,32611
LSN,GEOP,GEOP_20230425.txt,ok,3.0,2023-03-28 14:49:01,2023-04-25 11:16:01,2023-03-28 14:49:01,2023-04-25 11:16:01,13370,13370,13370,-2.0,-6.0,0.7511147987000841,0.7511147987000841,13368
PUY,GEOP,GEOP_20230425.txt,ok,3.0,2023-03-28 14:49:01,2023-04-25 11:16:01,2023-03-28 14:49:01,2023-04-25 11:16:01,13370,13370,13370,-3.0,-9.0,0.6355570416809299,0.6355570416809299,13367
VIT,GEOP,GEOP_20230425.txt,ok,3.0,2023-03-28 14:49:01,2023-04-25 11:16:01,2023-03-28 14:49:01,2023-04-25 11:16:01,13370,13370,13370,3.0,9.0,0.45927328414783253,0.45927328414783253,13367
LSN,GEOP,GEOP_20230628.txt,ok,3.0,2023-04-25 11:33:22,2023-06-28 08:21:22,2023-04-25 11:33:22,2023-06-28 08:21:22,30657,30657,30657,-1.0,-3.0,0.5997536510821504,0.5997536510821504,30656
PUY,GEOP,GEOP_20230628.txt,ok,3.0,2023-04-25 11:33:22,2023-06-28 08:21:22,2023-04-25 11:33:22,2023-06-28 08:21:22,30657,30657,30657,-1.0,-3.0,0.48828243177852976,0.48828243177852976,30656
VIT,GEOP,GEOP_20230628.txt,ok,3.0,2023-04-25 11:33:22,2023-06-28 08:21:22,2023-04-25 11:33:22,2023-06-28 08:21:22,30657,30657,30657,-3.0,-9.0,0.3146277349665428,0.3146277349665428,30654
LSN,GEOP,GEOP_20230809.txt,ok,3.0,2023-07-08 12:39:10,2023-08-09 05:09:10,2023-07-08 12:39:10,2023-08-09 05:09:10,15211,15211,15211,-1.0,-3.0,0.7184648810097615,0.7184648810097615,15210
PUY,GEOP,GEOP_20230809.txt,ok,3.0,2023-07-08 12:39:10,2023-08-09 05:09:10,2023-07-08 12:39:10,2023-08-09 05:09:10,15211,15211,15211,-2.0,-6.0,0.5163811603679037,0.5163811603679037,15209
VIT,GEOP,GEOP_20230809.txt,ok,3.0,2023-07-08 12:39:10,2023-08-09 05:09:10,2023-07-08 12:39:10,2023-08-09 05:09:10,15211,15211,15211,-3.0,-9.0,0.19671875609984463,0.19671875609984463,15208
LSN,GEOP,GEOP_20231031.txt,ok,3.0,2023-08-09 10:18:46,2023-10-16 08:54:46,2023-08-09 10:18:46,2023-10-16 08:54:46,32613,32613,32613,-2.0,-6.0,0.7143068177827199,0.7143068177827199,32611
PUY,GEOP,GEOP_20231031.txt,ok,3.0,2023-08-09 10:18:46,2023-10-16 08:54:46,2023-08-09 10:18:46,2023-10-16 08:54:46,32613,32613,32613,-3.0,-9.0,0.5093573688548461,0.5093573688548461,32610
VIT,GEOP,GEOP_20231031.txt,ok,3.0,2023-08-09 10:18:46,2023-10-16 08:54:46,2023-08-09 10:18:46,2023-10-16 08:54:46,32613,32613,32613,-3.0,-9.0,0.6727495310350058,0.6727495310350058,32610
LSN,GEOP,GEOP_20231120.txt,ok,3.0,2023-10-31 10:48:08,2023-11-20 08:27:08,2023-10-31 10:48:08,2023-11-20 08:27:08,9554,9554,9554,-2.0,-6.0,0.8484358811973997,0.8484358811973997,9552
PUY,GEOP,GEOP_20231120.txt,ok,3.0,2023-10-31 10:48:08,2023-11-20 08:27:08,2023-10-31 10:48:08,2023-11-20 08:27:08,9554,9554,9554,-2.0,-6.0,0.8017423400674359,0.8017423400674359,9552
VIT,GEOP,GEOP_20231120.txt,ok,3.0,2023-10-31 10:48:08,2023-11-20 08:27:08,2023-10-31 10:48:08,2023-11-20 08:27:08,9554,9554,9554,4.0,12.0,0.6780178103374817,0.6780178103374817,9550
LSN,GEOP,GEOP_20240215.xlsx,ok,3.0,2023-11-22 15:03:00,2024-02-15 13:57:00,2023-11-22 15:03:00,2024-02-15 13:57:00,40779,40779,40779,-1.0,-3.0,0.8108312636235843,0.8108312636235843,40778
PUY,GEOP,GEOP_20240215.xlsx,ok,3.0,2023-11-22 15:03:00,2024-02-15 13:57:00,2023-11-22 15:03:00,2024-02-15 13:57:00,40779,40779,40779,-2.0,-6.0,0.7654704540347667,0.7654704540347667,40777
VIT,GEOP,GEOP_20240215.xlsx,ok,3.0,2023-11-22 15:03:00,2024-02-15 13:57:00,2023-11-22 15:03:00,2024-02-15 13:57:00,40779,40779,40779,-1.0,-3.0,0.6511796817038644,0.6511796817038644,40778
LSN,GEOP,GEOP_20240411.xlsx,ok,3.0,2024-02-15 14:33:00,2024-04-11 07:30:00,2024-02-15 14:33:00,2024-04-11 07:30:00,26740,26740,26740,-1.0,-3.0,0.8520698746930736,0.8520698746930736,26739
PUY,GEOP,GEOP_20240411.xlsx,ok,3.0,2024-02-15 14:33:00,2024-04-11 07:30:00,2024-02-15 14:33:00,2024-04-11 07:30:00,26740,26740,26740,-2.0,-6.0,0.7936357359339683,0.7936357359339683,26738
VIT,GEOP,GEOP_20240411.xlsx,ok,3.0,2024-02-15 14:33:00,2024-04-11 07:30:00,2024-02-15 14:33:00,2024-04-11 07:30:00,26740,26740,26740,-2.0,-6.0,0.670735306833989,0.670735306833989,26738
LSN,GEOP,GEOP_20241111.txt,ok,3.0,2024-04-11 07:33:51,2024-06-18 06:09:51,2024-04-11 07:33:51,2024-06-18 06:09:51,32613,32613,32613,-43.0,-129.0,0.5865830120318998,0.5865830120318998,32570
PUY,GEOP,GEOP_20241111.txt,ok,3.0,2024-04-11 07:33:51,2024-06-18 06:09:51,2024-04-11 07:33:51,2024-06-18 06:09:51,32613,32613,32613,-43.0,-129.0,0.5418667000414499,0.5418667000414499,32570
VIT,GEOP,GEOP_20241111.txt,ok,3.0,2024-04-11 07:33:51,2024-06-18 06:09:51,2024-04-11 07:33:51,2024-06-18 06:09:51,32613,32613,32613,-45.0,-135.0,0.3687542081914602,0.3687542081914602,32568
LSN,GEOP,GEOP_20241216.txt,ok,3.0,2024-11-11 08:33:06,2024-12-16 13:48:06,2024-11-11 08:33:06,2024-12-16 13:48:06,16906,16906,16906,-1.0,-3.0,0.6942737309323939,0.6942737309323939,16905
PUY,GEOP,GEOP_20241216.txt,ok,3.0,2024-11-11 08:33:06,2024-12-16 13:48:06,2024-11-11 08:33:06,2024-12-16 13:48:06,16906,16906,16906,-2.0,-6.0,0.6279588693313802,0.6279588693313802,16904
VIT,GEOP,GEOP_20241216.txt,ok,3.0,2024-11-11 08:33:06,2024-12-16 13:48:06,2024-11-11 08:33:06,2024-12-16 13:48:06,16906,16906,16906,1.0,3.0,0.5922638712182514,0.5922638712182514,16905
LSN,GEOP,GEOP_20250204.txt,ok,3.0,2024-12-16 14:03:58,2025-02-04 11:45:58,2024-12-16 14:03:58,2025-02-04 11:45:58,23955,23955,23955,-2.0,-6.0,0.8746796381336248,0.8746796381336248,23953
PUY,GEOP,GEOP_20250204.txt,ok,3.0,2024-12-16 14:03:58,2025-02-04 11:45:58,2024-12-16 14:03:58,2025-02-04 11:45:58,23955,23955,23955,-2.0,-6.0,0.8209038937883647,0.8209038937883647,23953
VIT,GEOP,GEOP_20250204.txt,ok,3.0,2024-12-16 14:03:58,2025-02-04 11:45:58,2024-12-16 14:03:58,2025-02-04 11:45:58,23955,23955,23955,-2.0,-6.0,0.7918050113579562,0.7918050113579562,23953
LSN,GEOP,GEOP_20250325.txt,ok,3.0,2025-02-04 12:18:29,2025-03-25 10:09:29,2025-02-04 12:18:29,2025-03-25 10:09:29,23478,23478,23478,-1.0,-3.0,0.5792999198699607,0.5792999198699607,23477
PUY,GEOP,GEOP_20250325.txt,ok,3.0,2025-02-04 12:18:29,2025-03-25 10:09:29,2025-02-04 12:18:29,2025-03-25 10:09:29,23478,23478,23478,-2.0,-6.0,0.5674049039294728,0.5674049039294728,23476
VIT,GEOP,GEOP_20250325.txt,ok,3.0,2025-02-04 12:18:29,2025-03-25 10:09:29,2025-02-04 12:18:29,2025-03-25 10:09:29,23478,23478,23478,-3.0,-9.0,0.47206985490436193,0.47206985490436193,23475
LSN,GEOP,GEOP_20250515.txt,ok,3.0,2025-03-25 10:33:57,2025-05-15 13:15:57,2025-03-25 10:33:57,2025-05-15 13:15:57,24535,24535,24535,-2.0,-6.0,0.7355666881794842,0.7355666881794842,24533
PUY,GEOP,GEOP_20250515.txt,ok,3.0,2025-03-25 10:33:57,2025-05-15 13:15:57,2025-03-25 10:33:57,2025-05-15 13:15:57,24535,24535,24535,11.0,33.0,0.587830375379976,0.587830375379976,24524
VIT,GEOP,GEOP_20250515.txt,ok,3.0,2025-03-25 10:33:57,2025-05-15 13:15:57,2025-03-25 10:33:57,2025-05-15 13:15:57,24535,24535,24535,11.0,33.0,0.5753983741663273,0.5753983741663273,24524
LSN,GEOP,GEOP_20250909.txt,ok,3.0,2025-07-03 08:03:19,2025-09-09 06:39:19,2025-07-03 08:03:19,2025-09-09 06:39:19,32613,32613,32613,-3.0,-9.0,0.4282088743251382,0.4282088743251382,32610
PUY,GEOP,GEOP_20250909.txt,ok,3.0,2025-07-03 08:03:19,2025-09-09 06:39:19,2025-07-03 08:03:19,2025-09-09 06:39:19,32613,32613,32613,-4.0,-12.0,0.47518304675021383,0.47518304675021383,32609
VIT,GEOP,GEOP_20250909.txt,ok,3.0,2025-07-03 08:03:19,2025-09-09 06:39:19,2025-07-03 08:03:19,2025-09-09 06:39:19,32613,32613,32613,-7.0,-21.0,0.3022064322572774,0.3022064322572774,32606
LSN,GEOP,GEOP_20251215.txt,no_valid_correlation,3.0,2025-12-11 09:18:47,2025-12-15 10:12:47,2025-12-11 09:18:47,2025-12-15 10:12:47,1939,1939,1939,,,,,0
PUY,GEOP,GEOP_20251215.txt,no_valid_correlation,3.0,2025-12-11 09:18:47,2025-12-15 10:12:47,2025-12-11 09:18:47,2025-12-15 10:12:47,1939,1939,1939,,,,,0
VIT,GEOP,GEOP_20251215.txt,no_valid_correlation,3.0,2025-12-11 09:18:47,2025-12-15 10:12:47,2025-12-11 09:18:47,2025-12-15 10:12:47,1939,1939,1939,,,,,0
LSN,GEOP,GEOP_20260416.txt,ok,3.0,2025-12-15 10:33:28,2026-02-21 09:09:28,2025-12-15 10:33:28,2026-02-21 09:09:28,32613,32613,32613,-2.0,-6.0,0.8397095144427393,0.8397095144427393,32611
PUY,GEOP,GEOP_20260416.txt,ok,3.0,2025-12-15 10:33:28,2026-02-21 09:09:28,2025-12-15 10:33:28,2026-02-21 09:09:28,32613,32613,32613,-3.0,-9.0,0.8101532924030743,0.8101532924030743,32610
VIT,GEOP,GEOP_20260416.txt,ok,3.0,2025-12-15 10:33:28,2026-02-21 09:09:28,2025-12-15 10:33:28,2026-02-21 09:09:28,32613,32613,32613,-2.0,-6.0,0.6769979910749878,0.6769979910749878,32611
LSN,GEOP,GEOP_20260528.csv,ok,3.0,2025-09-09 06:42:00,2026-05-28 11:22:53,2025-09-09 06:42:00,2026-05-04 23:51:00,77337,125375,66345,-1.0,-3.0,0.21245497056211815,0.21245497056211815,66344
PUY,GEOP,GEOP_20260528.csv,ok,3.0,2025-09-09 06:42:00,2026-05-28 11:22:53,2025-09-09 06:42:00,2026-05-04 23:51:00,77337,125375,66345,-2.0,-6.0,0.20521127994261376,0.20521127994261376,66343
VIT,GEOP,GEOP_20260528.csv,ok,3.0,2025-09-09 06:42:00,2026-05-28 11:22:53,2025-09-09 06:42:00,2026-05-04 23:51:00,77337,125375,66345,-2.0,-6.0,0.17324840635283026,0.17324840635283026,66343
LSN,GRVN,GRVN_20230110.txt,ok,3.0,2023-01-07 07:27:54,2023-01-10 14:21:54,2023-01-07 07:27:54,2023-01-10 14:21:54,1579,1579,1579,-1.0,-3.0,0.7760801883831888,0.7760801883831888,1578
PUY,GRVN,GRVN_20230110.txt,ok,3.0,2023-01-07 07:27:54,2023-01-10 14:21:54,2023-01-07 07:27:54,2023-01-10 14:21:54,1579,1579,1579,-2.0,-6.0,0.6760605192768804,0.6760605192768804,1577
VIT,GRVN,GRVN_20230110.txt,ok,3.0,2023-01-07 07:27:54,2023-01-10 14:21:54,2023-01-07 07:27:54,2023-01-10 14:21:54,1579,1579,1579,-2.0,-6.0,0.5987495190094836,0.5987495190094836,1577
LSN,GRVN,GRVN_20230327.txt,ok,3.0,2023-01-10 15:24:42,2023-03-19 14:00:42,2023-01-10 15:24:42,2023-03-19 14:00:42,32613,32613,32613,-1.0,-3.0,0.2932203063405056,0.2932203063405056,32612
PUY,GRVN,GRVN_20230327.txt,ok,3.0,2023-01-10 15:24:42,2023-03-19 14:00:42,2023-01-10 15:24:42,2023-03-19 14:00:42,32613,32613,32613,-3.0,-9.0,0.24860156789004476,0.24860156789004476,32610
VIT,GRVN,GRVN_20230327.txt,ok,3.0,2023-01-10 15:24:42,2023-03-19 14:00:42,2023-01-10 15:24:42,2023-03-19 14:00:42,32613,32613,32613,-4.0,-12.0,0.25737938030806123,0.25737938030806123,32609
LSN,GRVN,GRVN_20230608.txt,ok,3.0,2023-03-27 13:33:26,2023-06-03 12:09:26,2023-03-27 13:33:26,2023-06-03 12:09:26,32613,32613,32613,1.0,3.0,0.1925693150379445,0.1925693150379445,32612
PUY,GRVN,GRVN_20230608.txt,ok,3.0,2023-03-27 13:33:26,2023-06-03 12:09:26,2023-03-27 13:33:26,2023-06-03 12:09:26,32613,32613,32613,-52.0,-156.0,0.3212836438327503,0.3212836438327503,32561
VIT,GRVN,GRVN_20230608.txt,ok,3.0,2023-03-27 13:33:26,2023-06-03 12:09:26,2023-03-27 13:33:26,2023-06-03 12:09:26,32613,32613,32613,4.0,12.0,0.06128811662948393,0.06128811662948393,32609
LSN,GRVN,GRVN_20230926.txt,ok,3.0,2023-06-09 07:03:55,2023-08-16 05:39:55,2023-06-09 07:03:55,2023-08-16 05:39:55,32613,32613,32613,0.0,0.0,0.7038845344356454,0.7038845344356454,32613
PUY,GRVN,GRVN_20230926.txt,ok,3.0,2023-06-09 07:03:55,2023-08-16 05:39:55,2023-06-09 07:03:55,2023-08-16 05:39:55,32613,32613,32613,0.0,0.0,0.5201370914826687,0.5201370914826687,32613
VIT,GRVN,GRVN_20230926.txt,ok,3.0,2023-06-09 07:03:55,2023-08-16 05:39:55,2023-06-09 07:03:55,2023-08-16 05:39:55,32613,32613,32613,-3.0,-9.0,0.38775798117965476,0.38775798117965476,32610
LSN,GRVN,GRVN_20231018.txt,ok,3.0,2023-09-26 08:03:57,2023-10-18 11:36:57,2023-09-26 08:03:57,2023-10-18 11:36:57,10632,10632,10632,6.0,18.0,0.5745502055660026,0.5745502055660026,10626
PUY,GRVN,GRVN_20231018.txt,ok,3.0,2023-09-26 08:03:57,2023-10-18 11:36:57,2023-09-26 08:03:57,2023-10-18 11:36:57,10632,10632,10632,4.0,12.0,0.7669341321772513,0.7669341321772513,10628
VIT,GRVN,GRVN_20231018.txt,ok,3.0,2023-09-26 08:03:57,2023-10-18 11:36:57,2023-09-26 08:03:57,2023-10-18 11:36:57,10632,10632,10632,0.0,0.0,0.7952726238106802,0.7952726238106802,10632
LSN,GRVN,GRVN_20231218.txt,ok,3.0,2023-10-18 12:03:43,2023-12-18 13:33:43,2023-10-18 12:03:43,2023-12-18 13:33:43,29311,29311,29311,0.0,0.0,0.8707287996350053,0.8707287996350053,29311
PUY,GRVN,GRVN_20231218.txt,ok,3.0,2023-10-18 12:03:43,2023-12-18 13:33:43,2023-10-18 12:03:43,2023-12-18 13:33:43,29311,29311,29311,-2.0,-6.0,0.7877662857295259,0.7877662857295259,29309
VIT,GRVN,GRVN_20231218.txt,ok,3.0,2023-10-18 12:03:43,2023-12-18 13:33:43,2023-10-18 12:03:43,2023-12-18 13:33:43,29311,29311,29311,0.0,0.0,0.6820235077756107,0.6820235077756107,29311
LSN,GRVN,GRVN_20241120.xlsx,ok,3.0,2023-12-18 14:03:00,2024-11-20 08:12:00,2023-12-18 14:03:00,2024-11-20 08:12:00,162124,162124,162124,-1.0,-3.0,0.6481147052459878,0.6481147052459878,162123
PUY,GRVN,GRVN_20241120.xlsx,ok,3.0,2023-12-18 14:03:00,2024-11-20 08:12:00,2023-12-18 14:03:00,2024-11-20 08:12:00,162124,162124,162124,-2.0,-6.0,0.4566425573569955,0.4566425573569955,162122
VIT,GRVN,GRVN_20241120.xlsx,ok,3.0,2023-12-18 14:03:00,2024-11-20 08:12:00,2023-12-18 14:03:00,2024-11-20 08:12:00,162124,162124,162124,-1.0,-3.0,0.39114199737302624,0.39114199737302624,162123
LSN,GRVN,GRVN_20250410.xlsx,ok,3.0,2024-12-05 08:30:00,2024-12-21 19:27:00,2024-12-05 08:30:00,2024-12-21 19:27:00,7900,7900,7900,-1.0,-3.0,0.754198069414171,0.754198069414171,7899
PUY,GRVN,GRVN_20250410.xlsx,ok,3.0,2024-12-05 08:30:00,2024-12-21 19:27:00,2024-12-05 08:30:00,2024-12-21 19:27:00,7900,7900,7900,-3.0,-9.0,0.7089380232026017,0.7089380232026017,7897
VIT,GRVN,GRVN_20250410.xlsx,ok,3.0,2024-12-05 08:30:00,2024-12-21 19:27:00,2024-12-05 08:30:00,2024-12-21 19:27:00,7900,7900,7900,1.0,3.0,0.6586689625694374,0.6586689625694374,7899
LSN,GRVN,GRVN_20250612.txt,ok,3.0,2025-04-08 09:03:26,2025-06-12 07:48:26,2025-04-08 09:03:26,2025-06-12 07:48:26,31176,31176,31176,0.0,0.0,0.7489696265696743,0.7489696265696743,31176
PUY,GRVN,GRVN_20250612.txt,ok,3.0,2025-04-08 09:03:26,2025-06-12 07:48:26,2025-04-08 09:03:26,2025-06-12 07:48:26,31176,31176,31176,-1.0,-3.0,0.6061175522612708,0.6061175522612708,31175
VIT,GRVN,GRVN_20250612.txt,ok,3.0,2025-04-08 09:03:26,2025-06-12 07:48:26,2025-04-08 09:03:26,2025-06-12 07:48:26,31176,31176,31176,-4.0,-12.0,0.4641712383486955,0.4641712383486955,31172
LSN,GRVN,GRVN_20250805.txt,ok,3.0,2025-06-12 08:03:26,2025-08-05 08:30:26,2025-06-12 08:03:26,2025-08-05 08:30:26,25930,25930,25930,0.0,0.0,0.6759264012238646,0.6759264012238646,25930
PUY,GRVN,GRVN_20250805.txt,ok,3.0,2025-06-12 08:03:26,2025-08-05 08:30:26,2025-06-12 08:03:26,2025-08-05 08:30:26,25930,25930,25930,-9.0,-27.0,0.43633184065816294,0.43633184065816294,25921
VIT,GRVN,GRVN_20250805.txt,ok,3.0,2025-06-12 08:03:26,2025-08-05 08:30:26,2025-06-12 08:03:26,2025-08-05 08:30:26,25930,25930,25930,7.0,21.0,0.26691521449366395,0.26691521449366395,25923
LSN,GRVN,GRVN_20260528.csv,ok,3.0,2025-08-05 08:52:55,2026-05-28 11:23:45,2025-08-05 08:52:55,2026-05-04 23:52:55,100058,142131,89185,-1.0,-3.0,0.3217537824955558,0.3217537824955558,89184
PUY,GRVN,GRVN_20260528.csv,ok,3.0,2025-08-05 08:52:55,2026-05-28 11:23:45,2025-08-05 08:52:55,2026-05-04 23:52:55,100058,142131,89185,-1.0,-3.0,0.29915266009716535,0.29915266009716535,89184
VIT,GRVN,GRVN_20260528.csv,ok,3.0,2025-08-05 08:52:55,2026-05-28 11:23:45,2025-08-05 08:52:55,2026-05-04 23:52:55,100058,142131,89185,-2.0,-6.0,0.14902237429925064,0.14902237429925064,89183
LSN,GRVN,GVRN_20260401.txt,ok,3.0,2026-02-04 12:03:19,2026-04-01 07:27:19,2026-02-04 12:03:19,2026-04-01 07:27:19,26789,26789,26789,0.0,0.0,0.7857039737270523,0.7857039737270523,26789
PUY,GRVN,GVRN_20260401.txt,ok,3.0,2026-02-04 12:03:19,2026-04-01 07:27:19,2026-02-04 12:03:19,2026-04-01 07:27:19,26789,26789,26789,-2.0,-6.0,0.7485559921753423,0.7485559921753423,26787
VIT,GRVN,GVRN_20260401.txt,ok,3.0,2026-02-04 12:03:19,2026-04-01 07:27:19,2026-02-04 12:03:19,2026-04-01 07:27:19,26789,26789,26789,0.0,0.0,0.5872619741896836,0.5872619741896836,26789
LSN,LEXP,LEXP_20221125.txt,ok,5.0,2022-10-28 00:25:00,2022-11-25 10:15:00,2022-10-28 00:25:00,2022-11-25 10:15:00,8183,8183,8183,0.0,0.0,0.6979577308272401,0.6979577308272401,8183
PUY,LEXP,LEXP_20221125.txt,ok,5.0,2022-10-28 00:25:00,2022-11-25 10:15:00,2022-10-28 00:25:00,2022-11-25 10:15:00,8183,8183,8183,0.0,0.0,0.6548746784829466,0.6548746784829466,8183
VIT,LEXP,LEXP_20221125.txt,ok,5.0,2022-10-28 00:25:00,2022-11-25 10:15:00,2022-10-28 00:25:00,2022-11-25 10:15:00,8183,8183,8183,0.0,0.0,0.613328322181116,0.613328322181116,8183
LSN,LEXP,LEXP_20230118.txt,ok,3.0,2022-11-25 11:03:31,2023-01-18 15:09:31,2022-11-25 11:03:31,2023-01-18 15:09:31,26003,26003,26003,-1.0,-3.0,0.6559900245637396,0.6559900245637396,26002
PUY,LEXP,LEXP_20230118.txt,ok,3.0,2022-11-25 11:03:31,2023-01-18 15:09:31,2022-11-25 11:03:31,2023-01-18 15:09:31,26003,26003,26003,-2.0,-6.0,0.7212908299494823,0.7212908299494823,26001
VIT,LEXP,LEXP_20230118.txt,ok,3.0,2022-11-25 11:03:31,2023-01-18 15:09:31,2022-11-25 11:03:31,2023-01-18 15:09:31,26003,26003,26003,0.0,0.0,0.5318113281334109,0.5318113281334109,26003
LSN,LEXP,LEXP_20230414.txt,ok,3.0,2023-01-18 15:36:44,2023-03-27 14:09:44,2023-01-18 15:36:44,2023-03-27 14:09:44,32612,32612,32612,-1.0,-3.0,0.10497877624542332,0.10497877624542332,32611
PUY,LEXP,LEXP_20230414.txt,ok,3.0,2023-01-18 15:36:44,2023-03-27 14:09:44,2023-01-18 15:36:44,2023-03-27 14:09:44,32612,32612,32612,-2.0,-6.0,0.11497792714900915,0.11497792714900915,32610
VIT,LEXP,LEXP_20230414.txt,ok,3.0,2023-01-18 15:36:44,2023-03-27 14:09:44,2023-01-18 15:36:44,2023-03-27 14:09:44,32612,32612,32612,-2.0,-6.0,0.08810873630624486,0.08810873630624486,32610
LSN,LEXP,LEXP_20230620.txt,ok,3.0,2023-04-14 08:33:04,2023-06-20 08:00:04,2023-04-14 08:33:04,2023-06-20 08:00:04,32150,32150,32150,1.0,3.0,0.12491340751010564,0.12491340751010564,32149
PUY,LEXP,LEXP_20230620.txt,ok,3.0,2023-04-14 08:33:04,2023-06-20 08:00:04,2023-04-14 08:33:04,2023-06-20 08:00:04,32150,32150,32150,1.0,3.0,0.13784690180244494,0.13784690180244494,32149
VIT,LEXP,LEXP_20230620.txt,ok,3.0,2023-04-14 08:33:04,2023-06-20 08:00:04,2023-04-14 08:33:04,2023-06-20 08:00:04,32150,32150,32150,1.0,3.0,0.04820540686026754,0.04820540686026754,32149
LSN,LEXP,LEXP_20230720.txt,ok,3.0,2023-06-20 08:33:16,2023-07-20 11:36:16,2023-06-20 08:33:16,2023-07-20 11:36:16,14462,14462,14462,0.0,0.0,0.32303718412271204,0.32303718412271204,14462
PUY,LEXP,LEXP_20230720.txt,ok,3.0,2023-06-20 08:33:16,2023-07-20 11:36:16,2023-06-20 08:33:16,2023-07-20 11:36:16,14462,14462,14462,0.0,0.0,0.5365096698775359,0.5365096698775359,14462
VIT,LEXP,LEXP_20230720.txt,ok,3.0,2023-06-20 08:33:16,2023-07-20 11:36:16,2023-06-20 08:33:16,2023-07-20 11:36:16,14462,14462,14462,-2.0,-6.0,0.2219201818530788,0.2219201818530788,14460
LSN,LEXP,LEXP_20230817.txt,ok,3.0,2023-07-20 12:03:29,2023-08-17 08:00:29,2023-07-20 12:03:29,2023-08-17 08:00:29,13360,13360,13360,0.0,0.0,0.1252127645924203,0.1252127645924203,13360
PUY,LEXP,LEXP_20230817.txt,ok,3.0,2023-07-20 12:03:29,2023-08-17 08:00:29,2023-07-20 12:03:29,2023-08-17 08:00:29,13360,13360,13360,-1.0,-3.0,0.15078066634018777,0.15078066634018777,13359
VIT,LEXP,LEXP_20230817.txt,ok,3.0,2023-07-20 12:03:29,2023-08-17 08:00:29,2023-07-20 12:03:29,2023-08-17 08:00:29,13360,13360,13360,-8.0,-24.0,0.09845254293040716,0.09845254293040716,13352
LSN,LEXP,LEXP_20231017.txt,ok,3.0,2023-08-17 08:33:21,2023-10-17 08:30:21,2023-08-17 08:33:21,2023-10-17 08:30:21,29280,29280,29280,0.0,0.0,0.413022157664036,0.413022157664036,29280
PUY,LEXP,LEXP_20231017.txt,ok,3.0,2023-08-17 08:33:21,2023-10-17 08:30:21,2023-08-17 08:33:21,2023-10-17 08:30:21,29280,29280,29280,0.0,0.0,0.6531757429054186,0.6531757429054186,29280
VIT,LEXP,LEXP_20231017.txt,ok,3.0,2023-08-17 08:33:21,2023-10-17 08:30:21,2023-08-17 08:33:21,2023-10-17 08:30:21,29280,29280,29280,-3.0,-9.0,0.3002012448961457,0.3002012448961457,29277
LSN,LEXP,LEXP_20231214.txt,ok,3.0,2023-10-17 09:33:12,2023-12-14 08:12:12,2023-10-17 09:33:12,2023-12-14 08:12:12,27814,27814,27814,0.0,0.0,0.36722952428838124,0.36722952428838124,27814
PUY,LEXP,LEXP_20231214.txt,ok,3.0,2023-10-17 09:33:12,2023-12-14 08:12:12,2023-10-17 09:33:12,2023-12-14 08:12:12,27814,27814,27814,-1.0,-3.0,0.4057366418531181,0.4057366418531181,27813
VIT,LEXP,LEXP_20231214.txt,ok,3.0,2023-10-17 09:33:12,2023-12-14 08:12:12,2023-10-17 09:33:12,2023-12-14 08:12:12,27814,27814,27814,4.0,12.0,0.28438909201530715,0.28438909201530715,27810
LSN,LEXP,LEXP_20240113.txt,ok,3.0,2023-12-14 08:48:14,2024-02-13 09:33:14,2023-12-14 08:48:14,2024-02-13 09:33:14,29296,29296,29296,1.0,3.0,0.5746847290037108,0.5746847290037108,29295
PUY,LEXP,LEXP_20240113.txt,ok,3.0,2023-12-14 08:48:14,2024-02-13 09:33:14,2023-12-14 08:48:14,2024-02-13 09:33:14,29296,29296,29296,0.0,0.0,0.6027762064505314,0.6027762064505314,29296
VIT,LEXP,LEXP_20240113.txt,ok,3.0,2023-12-14 08:48:14,2024-02-13 09:33:14,2023-12-14 08:48:14,2024-02-13 09:33:14,29296,29296,29296,5.0,15.0,0.5112370079263718,0.5112370079263718,29291
LSN,LEXP,LEXP_20240411.txt,ok,3.0,2024-02-13 10:18:18,2024-04-11 11:42:18,2024-02-13 10:18:18,2024-04-11 11:42:18,27869,27869,27869,1.0,3.0,0.7353258297704545,0.7353258297704545,27868
PUY,LEXP,LEXP_20240411.txt,ok,3.0,2024-02-13 10:18:18,2024-04-11 11:42:18,2024-02-13 10:18:18,2024-04-11 11:42:18,27869,27869,27869,-1.0,-3.0,0.7879058756348206,0.7879058756348206,27868
VIT,LEXP,LEXP_20240411.txt,ok,3.0,2024-02-13 10:18:18,2024-04-11 11:42:18,2024-02-13 10:18:18,2024-04-11 11:42:18,27869,27869,27869,1.0,3.0,0.5520781966054422,0.5520781966054422,27868
LSN,LEXP,LEXP_20241113.xlsx,ok,3.0,2024-04-11 12:36:00,2024-11-13 11:51:00,2024-04-11 12:36:00,2024-11-13 11:51:00,103666,103666,103666,-1.0,-3.0,0.5450530700148021,0.5450530700148021,103665
PUY,LEXP,LEXP_20241113.xlsx,ok,3.0,2024-04-11 12:36:00,2024-11-13 11:51:00,2024-04-11 12:36:00,2024-11-13 11:51:00,103666,103666,103666,-1.0,-3.0,0.6885946946274905,0.6885946946274905,103665
VIT,LEXP,LEXP_20241113.xlsx,ok,3.0,2024-04-11 12:36:00,2024-11-13 11:51:00,2024-04-11 12:36:00,2024-11-13 11:51:00,103666,103666,103666,2.0,6.0,0.20190632891996857,0.20190632891996857,103664
LSN,LEXP,LEXP_20250410.xlsx,ok,3.0,2024-12-18 09:45:00,2024-12-31 16:54:00,2024-12-18 09:45:00,2024-12-31 16:54:00,6384,6384,6384,1.0,3.0,0.4504932630054693,0.4504932630054693,6383
PUY,LEXP,LEXP_20250410.xlsx,ok,3.0,2024-12-18 09:45:00,2024-12-31 16:54:00,2024-12-18 09:45:00,2024-12-31 16:54:00,6384,6384,6384,0.0,0.0,0.4427103992170797,0.4427103992170797,6384
VIT,LEXP,LEXP_20250410.xlsx,ok,3.0,2024-12-18 09:45:00,2024-12-31 16:54:00,2024-12-18 09:45:00,2024-12-31 16:54:00,6384,6384,6384,3.0,9.0,0.35531929120279687,0.35531929120279687,6381
LSN,LEXP,LEXP_20250618.txt,ok,3.0,2025-04-15 11:03:58,2025-06-18 09:30:58,2025-04-15 11:03:58,2025-06-18 09:30:58,30690,30690,30690,-1.0,-3.0,0.2433827975236956,0.2433827975236956,30689
PUY,LEXP,LEXP_20250618.txt,ok,3.0,2025-04-15 11:03:58,2025-06-18 09:30:58,2025-04-15 11:03:58,2025-06-18 09:30:58,30690,30690,30690,-1.0,-3.0,0.35361618143709483,0.35361618143709483,30689
VIT,LEXP,LEXP_20250618.txt,ok,3.0,2025-04-15 11:03:58,2025-06-18 09:30:58,2025-04-15 11:03:58,2025-06-18 09:30:58,30690,30690,30690,-3.0,-9.0,0.14422607273054502,0.14422607273054502,30687
LSN,LEXP,LEXP_20250812.txt,ok,3.0,2025-06-18 10:03:24,2025-08-12 08:42:24,2025-06-18 10:03:24,2025-08-12 08:42:24,26374,26374,26374,2.0,6.0,0.5178614066628248,0.5178614066628248,26372
PUY,LEXP,LEXP_20250812.txt,ok,3.0,2025-06-18 10:03:24,2025-08-12 08:42:24,2025-06-18 10:03:24,2025-08-12 08:42:24,26374,26374,26374,0.0,0.0,0.6872524791724495,0.6872524791724495,26374
VIT,LEXP,LEXP_20250812.txt,ok,3.0,2025-06-18 10:03:24,2025-08-12 08:42:24,2025-06-18 10:03:24,2025-08-12 08:42:24,26374,26374,26374,67.0,201.0,0.28657714048291444,0.28657714048291444,26307
LSN,LEXP,LEXP_20260528.csv,ok,3.0,2025-08-12 09:19:34,2026-05-28 11:24:26,2025-08-12 09:19:34,2026-05-04 23:52:34,131330,138763,119864,-1.0,-3.0,0.411574769195762,0.411574769195762,119863
PUY,LEXP,LEXP_20260528.csv,ok,3.0,2025-08-12 09:19:34,2026-05-28 11:24:26,2025-08-12 09:19:34,2026-05-04 23:52:34,131330,138763,119864,-1.0,-3.0,0.5929461528779373,0.5929461528779373,119863
VIT,LEXP,LEXP_20260528.csv,ok,3.0,2025-08-12 09:19:34,2026-05-28 11:24:26,2025-08-12 09:19:34,2026-05-04 23:52:34,131330,138763,119864,-5.0,-15.0,0.19351141708526168,0.19351141708526168,119859
LSN,PONT,PONT_20230110.txt,ok,3.0,2022-11-08 23:03:44,2023-01-10 12:54:44,2022-11-08 23:03:44,2023-01-10 12:54:44,30038,30038,30038,-1.0,-3.0,0.8835040055059157,0.8835040055059157,30037
PUY,PONT,PONT_20230110.txt,ok,3.0,2022-11-08 23:03:44,2023-01-10 12:54:44,2022-11-08 23:03:44,2023-01-10 12:54:44,30038,30038,30038,-1.0,-3.0,0.7812041052970758,0.7812041052970758,30037
VIT,PONT,PONT_20230110.txt,ok,3.0,2022-11-08 23:03:44,2023-01-10 12:54:44,2022-11-08 23:03:44,2023-01-10 12:54:44,30038,30038,30038,-1.0,-3.0,0.6924628443190228,0.6924628443190228,30037
LSN,PONT,PONT_20230327.txt,ok,3.0,2023-01-10 13:55:20,2023-03-19 12:31:20,2023-01-10 13:55:20,2023-03-19 12:31:20,32613,32613,32613,0.0,0.0,0.7351947584562988,0.7351947584562988,32613
PUY,PONT,PONT_20230327.txt,ok,3.0,2023-01-10 13:55:20,2023-03-19 12:31:20,2023-01-10 13:55:20,2023-03-19 12:31:20,32613,32613,32613,-1.0,-3.0,0.66894163152341,0.66894163152341,32612
VIT,PONT,PONT_20230327.txt,ok,3.0,2023-01-10 13:55:20,2023-03-19 12:31:20,2023-01-10 13:55:20,2023-03-19 12:31:20,32613,32613,32613,-1.0,-3.0,0.6800611770323954,0.6800611770323954,32612
LSN,PONT,PONT_20230706.txt,ok,3.0,2023-03-27 14:36:09,2023-06-03 13:09:09,2023-03-27 14:36:09,2023-06-03 13:09:09,32612,32612,32612,0.0,0.0,0.8375224954324312,0.8375224954324312,32612
PUY,PONT,PONT_20230706.txt,ok,3.0,2023-03-27 14:36:09,2023-06-03 13:09:09,2023-03-27 14:36:09,2023-06-03 13:09:09,32612,32612,32612,-1.0,-3.0,0.5671483404592136,0.5671483404592136,32611
VIT,PONT,PONT_20230706.txt,ok,3.0,2023-03-27 14:36:09,2023-06-03 13:09:09,2023-03-27 14:36:09,2023-06-03 13:09:09,32612,32612,32612,6.0,18.0,0.393705806172536,0.393705806172536,32606
LSN,PONT,PONT_20230830.txt,ok,3.0,2023-07-06 09:03:54,2023-09-01 09:33:54,2023-07-06 09:03:54,2023-09-01 09:33:54,27371,27371,27371,-1.0,-3.0,0.8686199711593777,0.8686199711593777,27370
PUY,PONT,PONT_20230830.txt,ok,3.0,2023-07-06 09:03:54,2023-09-01 09:33:54,2023-07-06 09:03:54,2023-09-01 09:33:54,27371,27371,27371,-1.0,-3.0,0.6994250587053685,0.6994250587053685,27370
VIT,PONT,PONT_20230830.txt,ok,3.0,2023-07-06 09:03:54,2023-09-01 09:33:54,2023-07-06 09:03:54,2023-09-01 09:33:54,27371,27371,27371,-4.0,-12.0,0.3514029649926647,0.3514029649926647,27367
LSN,PONT,PONT_20240229.txt,ok,3.0,2023-09-01 09:36:03,2024-02-29 07:33:03,2023-09-01 09:36:03,2024-02-29 07:33:03,86840,86840,86840,-1.0,-3.0,0.862593677742497,0.862593677742497,86839
PUY,PONT,PONT_20240229.txt,ok,3.0,2023-09-01 09:36:03,2024-02-29 07:33:03,2023-09-01 09:36:03,2024-02-29 07:33:03,86840,86840,86840,-2.0,-6.0,0.6704377455303056,0.6704377455303056,86838
VIT,PONT,PONT_20240229.txt,ok,3.0,2023-09-01 09:36:03,2024-02-29 07:33:03,2023-09-01 09:36:03,2024-02-29 07:33:03,86840,86840,86840,-2.0,-6.0,0.6877944203949837,0.6877944203949837,86838
LSN,PONT,PONT_20250612.txt,ok,3.0,2025-04-08 07:03:35,2025-06-12 06:36:35,2025-04-08 07:03:35,2025-06-12 06:36:35,31192,31192,31192,0.0,0.0,0.8504606123768867,0.8504606123768867,31192
PUY,PONT,PONT_20250612.txt,ok,3.0,2025-04-08 07:03:35,2025-06-12 06:36:35,2025-04-08 07:03:35,2025-06-12 06:36:35,31192,31192,31192,-1.0,-3.0,0.6709274838561592,0.6709274838561592,31191
VIT,PONT,PONT_20250612.txt,ok,3.0,2025-04-08 07:03:35,2025-06-12 06:36:35,2025-04-08 07:03:35,2025-06-12 06:36:35,31192,31192,31192,-5.0,-15.0,0.42934900747838484,0.42934900747838484,31187
LSN,PONT,PONT_20250805.txt,ok,3.0,2025-06-12 06:48:15,2025-08-05 06:00:15,2025-06-12 06:48:15,2025-08-05 06:00:15,25905,25905,25905,0.0,0.0,0.7932620619506472,0.7932620619506472,25905
PUY,PONT,PONT_20250805.txt,ok,3.0,2025-06-12 06:48:15,2025-08-05 06:00:15,2025-06-12 06:48:15,2025-08-05 06:00:15,25905,25905,25905,-3.0,-9.0,0.5384142493955535,0.5384142493955535,25902
VIT,PONT,PONT_20250805.txt,ok,3.0,2025-06-12 06:48:15,2025-08-05 06:00:15,2025-06-12 06:48:15,2025-08-05 06:00:15,25905,25905,25905,64.0,192.0,0.2198451704728623,0.2198451704728623,25841
LSN,PONT,PONT_20260528.csv,ok,3.0,2025-09-11 07:33:34,2026-05-28 11:25:16,2025-09-11 07:33:34,2026-05-04 23:51:34,81538,124398,71720,0.0,0.0,0.5166043257431223,0.5166043257431223,71720
PUY,PONT,PONT_20260528.csv,ok,3.0,2025-09-11 07:33:34,2026-05-28 11:25:16,2025-09-11 07:33:34,2026-05-04 23:51:34,81538,124398,71720,0.0,0.0,0.5335366791053505,0.5335366791053505,71720
VIT,PONT,PONT_20260528.csv,ok,3.0,2025-09-11 07:33:34,2026-05-28 11:25:16,2025-09-11 07:33:34,2026-05-04 23:51:34,81538,124398,71720,-1.0,-3.0,0.30946352595079063,0.30946352595079063,71719
LSN,RIPR,RIPR_20230110.txt,ok,3.0,2022-12-07 08:09:39,2023-01-10 14:00:39,2022-12-07 08:09:39,2023-01-10 14:00:39,16438,16438,16438,0.0,0.0,0.8034921198851995,0.8034921198851995,16438
PUY,RIPR,RIPR_20230110.txt,ok,3.0,2022-12-07 08:09:39,2023-01-10 14:00:39,2022-12-07 08:09:39,2023-01-10 14:00:39,16438,16438,16438,-1.0,-3.0,0.7384956369434467,0.7384956369434467,16437
VIT,RIPR,RIPR_20230110.txt,ok,3.0,2022-12-07 08:09:39,2023-01-10 14:00:39,2022-12-07 08:09:39,2023-01-10 14:00:39,16438,16438,16438,0.0,0.0,0.6275267615312639,0.6275267615312639,16438
LSN,RIPR,RIPR_20230327.txt,ok,3.0,2023-01-10 15:03:22,2023-03-19 13:39:22,2023-01-10 15:03:22,2023-03-19 13:39:22,32613,32613,32613,0.0,0.0,0.6651013862902271,0.6651013862902271,32613
PUY,RIPR,RIPR_20230327.txt,ok,3.0,2023-01-10 15:03:22,2023-03-19 13:39:22,2023-01-10 15:03:22,2023-03-19 13:39:22,32613,32613,32613,0.0,0.0,0.5697881181464475,0.5697881181464475,32613
VIT,RIPR,RIPR_20230327.txt,ok,3.0,2023-01-10 15:03:22,2023-03-19 13:39:22,2023-01-10 15:03:22,2023-03-19 13:39:22,32613,32613,32613,-1.0,-3.0,0.5987343390700118,0.5987343390700118,32612
LSN,RIPR,RIPR_20230525.txt,ok,3.0,2023-03-27 14:03:27,2023-05-25 13:42:27,2023-03-27 14:03:27,2023-05-25 13:42:27,28314,28314,28314,0.0,0.0,0.7189355200188949,0.7189355200188949,28314
PUY,RIPR,RIPR_20230525.txt,ok,3.0,2023-03-27 14:03:27,2023-05-25 13:42:27,2023-03-27 14:03:27,2023-05-25 13:42:27,28314,28314,28314,-3.0,-9.0,0.5458674249861558,0.5458674249861558,28311
VIT,RIPR,RIPR_20230525.txt,ok,3.0,2023-03-27 14:03:27,2023-05-25 13:42:27,2023-03-27 14:03:27,2023-05-25 13:42:27,28314,28314,28314,5.0,15.0,0.36606323279463454,0.36606323279463454,28309
LSN,RIPR,RIPR_20230904.txt,ok,3.0,2023-05-25 14:03:27,2023-08-01 12:39:27,2023-05-25 14:03:27,2023-08-01 12:39:27,32613,32613,32613,0.0,0.0,0.6994200304015364,0.6994200304015364,32613
PUY,RIPR,RIPR_20230904.txt,ok,3.0,2023-05-25 14:03:27,2023-08-01 12:39:27,2023-05-25 14:03:27,2023-08-01 12:39:27,32613,32613,32613,0.0,0.0,0.5530085486375528,0.5530085486375528,32613
VIT,RIPR,RIPR_20230904.txt,ok,3.0,2023-05-25 14:03:27,2023-08-01 12:39:27,2023-05-25 14:03:27,2023-08-01 12:39:27,32613,32613,32613,-3.0,-9.0,0.41166845943838737,0.41166845943838737,32610
LSN,RIPR,RIPR_20231107.txt,ok,3.0,2023-09-04 12:33:41,2023-11-07 08:36:41,2023-09-04 12:33:41,2023-11-07 08:36:41,30642,30642,30642,1.0,3.0,0.8466088339870014,0.8466088339870014,30641
PUY,RIPR,RIPR_20231107.txt,ok,3.0,2023-09-04 12:33:41,2023-11-07 08:36:41,2023-09-04 12:33:41,2023-11-07 08:36:41,30642,30642,30642,-2.0,-6.0,0.6304346940577952,0.6304346940577952,30640
VIT,RIPR,RIPR_20231107.txt,ok,3.0,2023-09-04 12:33:41,2023-11-07 08:36:41,2023-09-04 12:33:41,2023-11-07 08:36:41,30642,30642,30642,-1.0,-3.0,0.735249899263452,0.735249899263452,30641
LSN,RIPR,RIPR_20231218.txt,ok,3.0,2023-11-07 09:03:40,2023-12-18 11:33:40,2023-11-07 09:03:40,2023-12-18 11:33:40,19731,19731,19731,0.0,0.0,0.8468789632713116,0.8468789632713116,19731
PUY,RIPR,RIPR_20231218.txt,ok,3.0,2023-11-07 09:03:40,2023-12-18 11:33:40,2023-11-07 09:03:40,2023-12-18 11:33:40,19731,19731,19731,-1.0,-3.0,0.7877507298510407,0.7877507298510407,19730
VIT,RIPR,RIPR_20231218.txt,ok,3.0,2023-11-07 09:03:40,2023-12-18 11:33:40,2023-11-07 09:03:40,2023-12-18 11:33:40,19731,19731,19731,1.0,3.0,0.5790374431324093,0.5790374431324093,19730
LSN,RIPR,RIPR_20241120.txt,ok,3.0,2024-11-18 09:36:11,2024-11-20 09:03:11,2024-11-18 09:36:11,2024-11-20 09:03:11,950,950,950,0.0,0.0,0.9243978523117543,0.9243978523117543,950
PUY,RIPR,RIPR_20241120.txt,ok,3.0,2024-11-18 09:36:11,2024-11-20 09:03:11,2024-11-18 09:36:11,2024-11-20 09:03:11,950,950,950,-2.0,-6.0,0.9088049614736323,0.9088049614736323,948
VIT,RIPR,RIPR_20241120.txt,ok,3.0,2024-11-18 09:36:11,2024-11-20 09:03:11,2024-11-18 09:36:11,2024-11-20 09:03:11,950,950,950,2.0,6.0,0.86547497193003,0.86547497193003,948
LSN,RIPR,RIPR_20241205.xlsx,ok,3.0,2024-11-20 09:33:00,2024-12-05 09:00:00,2024-11-20 09:33:00,2024-12-05 09:00:00,7190,7190,7190,1.0,3.0,0.5561538427297824,0.5561538427297824,7189
PUY,RIPR,RIPR_20241205.xlsx,ok,3.0,2024-11-20 09:33:00,2024-12-05 09:00:00,2024-11-20 09:33:00,2024-12-05 09:00:00,7190,7190,7190,57.0,171.0,0.5372197385253932,0.5372197385253932,7133
VIT,RIPR,RIPR_20241205.xlsx,ok,3.0,2024-11-20 09:33:00,2024-12-05 09:00:00,2024-11-20 09:33:00,2024-12-05 09:00:00,7190,7190,7190,16.0,48.0,0.5055770799647342,0.5055770799647342,7174
LSN,RIPR,RIPR_20250410.xlsx,ok,3.0,2024-12-05 09:30:00,2024-12-19 03:30:00,2024-12-05 09:30:00,2024-12-19 03:30:00,6601,6601,6601,-1.0,-3.0,0.8975419327797514,0.8975419327797514,6600
PUY,RIPR,RIPR_20250410.xlsx,ok,3.0,2024-12-05 09:30:00,2024-12-19 03:30:00,2024-12-05 09:30:00,2024-12-19 03:30:00,6601,6601,6601,-3.0,-9.0,0.8706086096854742,0.8706086096854742,6598
VIT,RIPR,RIPR_20250410.xlsx,ok,3.0,2024-12-05 09:30:00,2024-12-19 03:30:00,2024-12-05 09:30:00,2024-12-19 03:30:00,6601,6601,6601,1.0,3.0,0.7748854292352197,0.7748854292352197,6600
LSN,RIPR,RIPR_20250612.txt,ok,3.0,2025-04-08 09:33:35,2025-06-12 08:09:35,2025-04-08 09:33:35,2025-06-12 08:09:35,31173,31173,31173,0.0,0.0,0.7537942372484832,0.7537942372484832,31173
PUY,RIPR,RIPR_20250612.txt,ok,3.0,2025-04-08 09:33:35,2025-06-12 08:09:35,2025-04-08 09:33:35,2025-06-12 08:09:35,31173,31173,31173,-1.0,-3.0,0.6190787640969181,0.6190787640969181,31172
VIT,RIPR,RIPR_20250612.txt,ok,3.0,2025-04-08 09:33:35,2025-06-12 08:09:35,2025-04-08 09:33:35,2025-06-12 08:09:35,31173,31173,31173,-4.0,-12.0,0.45150295904741633,0.45150295904741633,31169
LSN,RIPR,RIPR_20250814.txt,ok,3.0,2025-06-12 08:33:22,2025-08-14 11:33:22,2025-06-12 08:33:22,2025-08-14 11:33:22,30301,30301,30301,0.0,0.0,0.6204601814147317,0.6204601814147317,30301
PUY,RIPR,RIPR_20250814.txt,ok,3.0,2025-06-12 08:33:22,2025-08-14 11:33:22,2025-06-12 08:33:22,2025-08-14 11:33:22,30301,30301,30301,-9.0,-27.0,0.3600794397071983,0.3600794397071983,30292
VIT,RIPR,RIPR_20250814.txt,ok,3.0,2025-06-12 08:33:22,2025-08-14 11:33:22,2025-06-12 08:33:22,2025-08-14 11:33:22,30301,30301,30301,7.0,21.0,0.2195242549736745,0.2195242549736745,30294
LSN,RIPR,RIPR_20260528.csv,ok,3.0,2025-09-11 14:52:48,2026-05-28 11:24:02,2025-09-11 14:52:48,2026-05-04 23:52:48,107083,124251,96516,0.0,0.0,0.5911957326160127,0.5911957326160127,96516
PUY,RIPR,RIPR_20260528.csv,ok,3.0,2025-09-11 14:52:48,2026-05-28 11:24:02,2025-09-11 14:52:48,2026-05-04 23:52:48,107083,124251,96516,0.0,0.0,0.5495747620254046,0.5495747620254046,96516
VIT,RIPR,RIPR_20260528.csv,ok,3.0,2025-09-11 14:52:48,2026-05-28 11:24:02,2025-09-11 14:52:48,2026-05-04 23:52:48,107083,124251,96516,0.0,0.0,0.39453703053920647,0.39453703053920647,96516
LSN,ROUV,ROUV_20230110.txt,ok,3.0,2022-11-08 23:03:03,2023-01-10 12:30:03,2022-11-08 23:03:03,2023-01-10 12:30:03,30030,30030,30030,-1.0,-3.0,0.8448805122371006,0.8448805122371006,30029
PUY,ROUV,ROUV_20230110.txt,ok,3.0,2022-11-08 23:03:03,2023-01-10 12:30:03,2022-11-08 23:03:03,2023-01-10 12:30:03,30030,30030,30030,-2.0,-6.0,0.7564862693987106,0.7564862693987106,30028
VIT,ROUV,ROUV_20230110.txt,ok,3.0,2022-11-08 23:03:03,2023-01-10 12:30:03,2022-11-08 23:03:03,2023-01-10 12:30:03,30030,30030,30030,-1.0,-3.0,0.6483385881657288,0.6483385881657288,30029
LSN,ROUV,ROUV_20230327.txt,ok,3.0,2023-01-10 13:33:51,2023-03-19 12:09:51,2023-01-10 13:33:51,2023-03-19 12:09:51,32613,32613,32613,-2.0,-6.0,0.13575940175154919,0.13575940175154919,32611
PUY,ROUV,ROUV_20230327.txt,ok,3.0,2023-01-10 13:33:51,2023-03-19 12:09:51,2023-01-10 13:33:51,2023-03-19 12:09:51,32613,32613,32613,-5.0,-15.0,0.15331589433667936,0.15331589433667936,32608
VIT,ROUV,ROUV_20230327.txt,ok,3.0,2023-01-10 13:33:51,2023-03-19 12:09:51,2023-01-10 13:33:51,2023-03-19 12:09:51,32613,32613,32613,-2.0,-6.0,0.13345719982101412,0.13345719982101412,32611
LSN,ROUV,ROUV_20230425.txt,ok,3.0,2023-03-27 15:03:32,2023-04-25 07:51:32,2023-03-27 15:03:32,2023-04-25 07:51:32,13777,13777,13777,-1.0,-3.0,0.3136062129119163,0.3136062129119163,13776
PUY,ROUV,ROUV_20230425.txt,ok,3.0,2023-03-27 15:03:32,2023-04-25 07:51:32,2023-03-27 15:03:32,2023-04-25 07:51:32,13777,13777,13777,-3.0,-9.0,0.2411662522961982,0.2411662522961982,13774
VIT,ROUV,ROUV_20230425.txt,ok,3.0,2023-03-27 15:03:32,2023-04-25 07:51:32,2023-03-27 15:03:32,2023-04-25 07:51:32,13777,13777,13777,-1.0,-3.0,0.16940253574495379,0.16940253574495379,13776
LSN,ROUV,ROUV_20240229.txt,ok,3.0,2023-04-25 08:14:53,2024-02-29 08:17:53,2023-04-25 08:14:53,2024-02-29 08:17:53,138077,148802,138077,-1.0,-3.0,0.32579463605176867,0.32579463605176867,138076
PUY,ROUV,ROUV_20240229.txt,ok,3.0,2023-04-25 08:14:53,2024-02-29 08:17:53,2023-04-25 08:14:53,2024-02-29 08:17:53,138077,148802,138077,-1.0,-3.0,0.23633233087904465,0.23633233087904465,138076
VIT,ROUV,ROUV_20240229.txt,ok,3.0,2023-04-25 08:14:53,2024-02-29 08:17:53,2023-04-25 08:14:53,2024-02-29 08:17:53,138077,148802,138077,-3.0,-9.0,0.2795635040932438,0.2795635040932438,138074
LSN,ROUV,ROUV_20241114.xlsx,ok,3.0,2024-02-29 09:18:00,2024-11-14 13:42:00,2024-02-29 09:18:00,2024-11-14 13:42:00,124409,124409,124409,-3.0,-9.0,0.5067257998292687,0.5067257998292687,124406
PUY,ROUV,ROUV_20241114.xlsx,ok,3.0,2024-02-29 09:18:00,2024-11-14 13:42:00,2024-02-29 09:18:00,2024-11-14 13:42:00,124409,124409,124409,-4.0,-12.0,0.4193243308184156,0.4193243308184156,124405
VIT,ROUV,ROUV_20241114.xlsx,ok,3.0,2024-02-29 09:18:00,2024-11-14 13:42:00,2024-02-29 09:18:00,2024-11-14 13:42:00,124409,124409,124409,-2.0,-6.0,0.13673690693216423,0.13673690693216423,124407
LSN,ROUV,ROUV_20241203.xlsx,ok,3.0,2024-11-18 09:00:00,2024-12-03 13:51:00,2024-11-18 09:00:00,2024-12-03 13:51:00,7298,7298,7298,-1.0,-3.0,0.5177215876232377,0.5177215876232377,7297
PUY,ROUV,ROUV_20241203.xlsx,ok,3.0,2024-11-18 09:00:00,2024-12-03 13:51:00,2024-11-18 09:00:00,2024-12-03 13:51:00,7298,7298,7298,-3.0,-9.0,0.4481866620548657,0.4481866620548657,7295
VIT,ROUV,ROUV_20241203.xlsx,ok,3.0,2024-11-18 09:00:00,2024-12-03 13:51:00,2024-11-18 09:00:00,2024-12-03 13:51:00,7298,7298,7298,0.0,0.0,0.548939721018391,0.548939721018391,7298
LSN,ROUV,ROUV_20250410.xlsx,ok,3.0,2024-12-03 14:30:00,2025-01-14 20:00:00,2024-12-03 14:30:00,2025-01-14 20:00:00,20271,20271,20271,-80.0,-240.0,-0.0016865715602609479,0.0016865715602609479,20191
PUY,ROUV,ROUV_20250410.xlsx,ok,3.0,2024-12-03 14:30:00,2025-01-14 20:00:00,2024-12-03 14:30:00,2025-01-14 20:00:00,20271,20271,20271,-80.0,-240.0,-0.0016448430760236464,0.0016448430760236464,20191
VIT,ROUV,ROUV_20250410.xlsx,ok,3.0,2024-12-03 14:30:00,2025-01-14 20:00:00,2024-12-03 14:30:00,2025-01-14 20:00:00,20271,20271,20271,-8.0,-24.0,0.004088038139172899,0.004088038139172899,20263
LSN,ROUV,ROUV_20250612.txt,ok,3.0,2025-04-08 10:03:55,2025-06-12 07:12:55,2025-04-08 10:03:55,2025-06-12 07:12:55,31144,31144,31144,-1.0,-3.0,0.6875421556128729,0.6875421556128729,31143
PUY,ROUV,ROUV_20250612.txt,ok,3.0,2025-04-08 10:03:55,2025-06-12 07:12:55,2025-04-08 10:03:55,2025-06-12 07:12:55,31144,31144,31144,-2.0,-6.0,0.5087725840320966,0.5087725840320966,31142
VIT,ROUV,ROUV_20250612.txt,ok,3.0,2025-04-08 10:03:55,2025-06-12 07:12:55,2025-04-08 10:03:55,2025-06-12 07:12:55,31144,31144,31144,-5.0,-15.0,0.2838465116649231,0.2838465116649231,31139
LSN,ROUV,ROUV_20250805.txt,ok,3.0,2025-06-12 07:33:05,2025-08-05 06:51:05,2025-06-12 07:33:05,2025-08-05 06:51:05,25907,25907,25907,0.0,0.0,0.6856817996963178,0.6856817996963178,25907
PUY,ROUV,ROUV_20250805.txt,ok,3.0,2025-06-12 07:33:05,2025-08-05 06:51:05,2025-06-12 07:33:05,2025-08-05 06:51:05,25907,25907,25907,-3.0,-9.0,0.4358912288741327,0.4358912288741327,25904
VIT,ROUV,ROUV_20250805.txt,ok,3.0,2025-06-12 07:33:05,2025-08-05 06:51:05,2025-06-12 07:33:05,2025-08-05 06:51:05,25907,25907,25907,7.0,21.0,0.19037936198149702,0.19037936198149702,25900
LSN,ROUV,ROUV_20260401.txt,ok,3.0,2026-01-05 09:03:08,2026-03-14 07:39:08,2026-01-05 09:03:08,2026-03-14 07:39:08,32613,32613,32613,0.0,0.0,0.7518863870614387,0.7518863870614387,32613
PUY,ROUV,ROUV_20260401.txt,ok,3.0,2026-01-05 09:03:08,2026-03-14 07:39:08,2026-01-05 09:03:08,2026-03-14 07:39:08,32613,32613,32613,-1.0,-3.0,0.7165201266386902,0.7165201266386902,32612
VIT,ROUV,ROUV_20260401.txt,ok,3.0,2026-01-05 09:03:08,2026-03-14 07:39:08,2026-01-05 09:03:08,2026-03-14 07:39:08,32613,32613,32613,0.0,0.0,0.5705609320567707,0.5705609320567707,32613
LSN,ROUV,ROUV_20260528.csv,ok,3.0,2026-04-02 09:35:48,2026-05-28 11:26:58,2026-04-02 09:35:48,2026-05-04 23:50:48,26874,26918,15615,-10.0,-30.0,0.3035720264784998,0.3035720264784998,15605
PUY,ROUV,ROUV_20260528.csv,ok,3.0,2026-04-02 09:35:48,2026-05-28 11:26:58,2026-04-02 09:35:48,2026-05-04 23:50:48,26874,26918,15615,-6.0,-18.0,0.35127843188380653,0.35127843188380653,15609
VIT,ROUV,ROUV_20260528.csv,ok,3.0,2026-04-02 09:35:48,2026-05-28 11:26:58,2026-04-02 09:35:48,2026-05-04 23:50:48,26874,26918,15615,-25.0,-75.0,0.2972167959946633,0.2972167959946633,15590
LSN,VCLB,VCLB_20230301.txt,ok,3.0,2022-12-08 00:03:45,2023-02-13 22:39:45,2022-12-08 00:03:45,2023-02-13 22:39:45,32613,32613,32613,-34.0,-102.0,0.048482310470320346,0.048482310470320346,32579
PUY,VCLB,VCLB_20230301.txt,ok,3.0,2022-12-08 00:03:45,2023-02-13 22:39:45,2022-12-08 00:03:45,2023-02-13 22:39:45,32613,32613,32613,-35.0,-105.0,0.014698958312769095,0.014698958312769095,32578
VIT,VCLB,VCLB_20230301.txt,ok,3.0,2022-12-08 00:03:45,2023-02-13 22:39:45,2022-12-08 00:03:45,2023-02-13 22:39:45,32613,32613,32613,-38.0,-114.0,0.021303727640751356,0.021303727640751356,32575
LSN,VCLB,VCLB_20230425.txt,ok,3.0,2023-03-01 07:48:27,2023-04-25 08:45:27,2023-03-01 07:48:27,2023-04-25 08:45:27,26420,26420,26420,1.0,3.0,0.1031215817410881,0.1031215817410881,26419
PUY,VCLB,VCLB_20230425.txt,ok,3.0,2023-03-01 07:48:27,2023-04-25 08:45:27,2023-03-01 07:48:27,2023-04-25 08:45:27,26420,26420,26420,1.0,3.0,0.08627694503768488,0.08627694503768488,26419
VIT,VCLB,VCLB_20230425.txt,ok,3.0,2023-03-01 07:48:27,2023-04-25 08:45:27,2023-03-01 07:48:27,2023-04-25 08:45:27,26420,26420,26420,0.0,0.0,0.07515264129866876,0.07515264129866876,26420
LSN,VCLB,VCLB_20231107.txt,ok,3.0,2023-04-25 09:14:11,2023-11-07 08:47:11,2023-04-25 09:14:11,2023-11-07 08:47:11,94072,94072,94072,0.0,0.0,0.2834915748783281,0.2834915748783281,94072
PUY,VCLB,VCLB_20231107.txt,ok,3.0,2023-04-25 09:14:11,2023-11-07 08:47:11,2023-04-25 09:14:11,2023-11-07 08:47:11,94072,94072,94072,-3.0,-9.0,0.25775172163870774,0.25775172163870774,94069
VIT,VCLB,VCLB_20231107.txt,ok,3.0,2023-04-25 09:14:11,2023-11-07 08:47:11,2023-04-25 09:14:11,2023-11-07 08:47:11,94072,94072,94072,2.0,6.0,0.22046065347918278,0.22046065347918278,94070
LSN,VCLB,VCLB_20231218.txt,ok,3.0,2023-11-07 09:48:10,2023-12-18 12:30:10,2023-11-07 09:48:10,2023-12-18 12:30:10,19735,19735,19735,0.0,0.0,0.17559503218147218,0.17559503218147218,19735
PUY,VCLB,VCLB_20231218.txt,ok,3.0,2023-11-07 09:48:10,2023-12-18 12:30:10,2023-11-07 09:48:10,2023-12-18 12:30:10,19735,19735,19735,-1.0,-3.0,0.1418753248821536,0.1418753248821536,19734
VIT,VCLB,VCLB_20231218.txt,ok,3.0,2023-11-07 09:48:10,2023-12-18 12:30:10,2023-11-07 09:48:10,2023-12-18 12:30:10,19735,19735,19735,3.0,9.0,0.1976802937203711,0.1976802937203711,19732
LSN,VCLB,VCLB_20241120.xlsx,ok,3.0,2023-12-18 13:03:00,2024-11-20 13:51:00,2023-12-18 13:03:00,2024-11-20 13:51:00,162257,162257,162257,0.0,0.0,0.22308403888843928,0.22308403888843928,162257
PUY,VCLB,VCLB_20241120.xlsx,ok,3.0,2023-12-18 13:03:00,2024-11-20 13:51:00,2023-12-18 13:03:00,2024-11-20 13:51:00,162257,162257,162257,1.0,3.0,0.22565162130426522,0.22565162130426522,162256
VIT,VCLB,VCLB_20241120.xlsx,ok,3.0,2023-12-18 13:03:00,2024-11-20 13:51:00,2023-12-18 13:03:00,2024-11-20 13:51:00,162257,162257,162257,-1.0,-3.0,0.21999570455580747,0.21999570455580747,162256
LSN,VCLB,VCLB_20241127.txt,ok,3.0,2024-11-20 14:18:04,2024-11-27 13:06:04,2024-11-20 14:18:04,2024-11-27 13:06:04,3337,3337,3337,58.0,174.0,0.4497236960914898,0.4497236960914898,3279
PUY,VCLB,VCLB_20241127.txt,ok,3.0,2024-11-20 14:18:04,2024-11-27 13:06:04,2024-11-20 14:18:04,2024-11-27 13:06:04,3337,3337,3337,53.0,159.0,0.4386881024797379,0.4386881024797379,3284
VIT,VCLB,VCLB_20241127.txt,ok,3.0,2024-11-20 14:18:04,2024-11-27 13:06:04,2024-11-20 14:18:04,2024-11-27 13:06:04,3337,3337,3337,71.0,213.0,0.3837193034622426,0.3837193034622426,3266
LSN,VCLB,VCLB_20250623.txt,ok,3.0,2025-04-09 08:18:21,2025-06-16 06:54:21,2025-04-09 08:18:21,2025-06-16 06:54:21,32613,32613,32613,2.0,6.0,0.19260580484080295,0.19260580484080295,32611
PUY,VCLB,VCLB_20250623.txt,ok,3.0,2025-04-09 08:18:21,2025-06-16 06:54:21,2025-04-09 08:18:21,2025-06-16 06:54:21,32613,32613,32613,3.0,9.0,0.21811919631057375,0.21811919631057375,32610
VIT,VCLB,VCLB_20250623.txt,ok,3.0,2025-04-09 08:18:21,2025-06-16 06:54:21,2025-04-09 08:18:21,2025-06-16 06:54:21,32613,32613,32613,-1.0,-3.0,0.15626424844322148,0.15626424844322148,32612
LSN,VCLB,VCLB_20250805.txt,ok,3.0,2025-06-23 08:19:00,2025-08-05 07:31:00,2025-06-23 08:19:00,2025-08-05 07:31:00,20625,20625,20625,-3.0,-9.0,0.23562370980176633,0.23562370980176633,20622
PUY,VCLB,VCLB_20250805.txt,ok,3.0,2025-06-23 08:19:00,2025-08-05 07:31:00,2025-06-23 08:19:00,2025-08-05 07:31:00,20625,20625,20625,-6.0,-18.0,0.19048947220290122,0.19048947220290122,20619
VIT,VCLB,VCLB_20250805.txt,ok,3.0,2025-06-23 08:19:00,2025-08-05 07:31:00,2025-06-23 08:19:00,2025-08-05 07:31:00,20625,20625,20625,60.0,180.0,0.23464932869774904,0.23464932869774904,20565
LSN,VCLB,VCLB_20260305.txt,ok,3.0,2026-01-05 08:18:23,2026-03-05 12:36:23,2026-01-05 08:18:23,2026-03-05 12:36:23,28407,28407,28407,1.0,3.0,0.17721233305588757,0.17721233305588757,28406
PUY,VCLB,VCLB_20260305.txt,ok,3.0,2026-01-05 08:18:23,2026-03-05 12:36:23,2026-01-05 08:18:23,2026-03-05 12:36:23,28407,28407,28407,1.0,3.0,0.14683446346629336,0.14683446346629336,28406
VIT,VCLB,VCLB_20260305.txt,ok,3.0,2026-01-05 08:18:23,2026-03-05 12:36:23,2026-01-05 08:18:23,2026-03-05 12:36:23,28407,28407,28407,-1.0,-3.0,0.20006781566031434,0.20006781566031434,28406
LSN,VCLB,VCLB_20260528.csv,ok,3.0,2025-09-03 00:40:45,2026-05-28 11:24:18,2025-09-03 00:40:45,2026-05-04 23:52:45,49170,128376,37949,2.0,6.0,0.03596599484249606,0.03596599484249606,37949
PUY,VCLB,VCLB_20260528.csv,ok,3.0,2025-09-03 00:40:45,2026-05-28 11:24:18,2025-09-03 00:40:45,2026-05-04 23:52:45,49170,128376,37949,2.0,6.0,0.043398724297023045,0.043398724297023045,37949
VIT,VCLB,VCLB_20260528.csv,ok,3.0,2025-09-03 00:40:45,2026-05-28 11:24:18,2025-09-03 00:40:45,2026-05-04 23:52:45,49170,128376,37949,-6.0,-18.0,0.028896991743192452,0.028896991743192452,37943
